rayon,l_all_inv,f_all_inv,f_nonextr_inv,l_nonextr_inv,oblast,year,employment,agriculture,production,retail,ppi
Abay,2868180.0,3092.0,3092.0,981955.0,East-Kazakhstan,2018,6.8,22795.4,1593.9,1869.4,100.7
Abay,2514048.0,405350.0,67923.0,529073.0,East-Kazakhstan,2019,6.8,25865.6,2352.1,2470.9,103.4
Abay,7040473.0,5593.0,5593.0,784053.0,East-Kazakhstan,2020,6.7,29614.9,3201.9,2720.2,121.1
Abay,3671620.0,1643.0,1643.0,1125547.0,East-Kazakhstan,2021,6.8,34162.9,5753.1,3228.1,116.6
Abay,6258213.0,0.0,0.0,1723622.0,East-Kazakhstan,2022,7.0,40779.1,7437.8,4868.6,
Abay,9983169.0,0.0,0.0,1584030.0,East-Kazakhstan,2023,6.9,46943.0,9585.4,5919.4,101.5
Abay,9818866.0,31979.0,31979.0,1832447.0,East-Kazakhstan,2024,7.8,,8260.17,5971.27,
Altay,25538293.0,2130584.0,2040723.0,5749229.0,East-Kazakhstan,2018,36.1,25260.6,29546.364999999998,42340.5,100.7
Altay,27895170.0,2977510.0,2977099.0,7148585.0,East-Kazakhstan,2019,35.7,29748.3,38207.287000000004,39997.8,103.4
Altay,29987560.0,2216515.0,2216515.0,7593207.0,East-Kazakhstan,2020,34.8,36350.0,39591.631,51234.0,121.1
Altay,55558999.0,2971405.0,2950067.0,17173615.0,East-Kazakhstan,2021,34.4,46159.9,45657.301,55946.0,116.6
Altay,61994384.0,2399720.0,2265070.0,18173390.0,East-Kazakhstan,2022,33.5,53219.1,47812.581000000006,76040.70000000001,
Altay,75441800.0,1915017.0,1876304.0,22278851.0,East-Kazakhstan,2023,32.7,47760.0,53114.058000000005,69467.7,101.5
Altay,81001063.0,2627357.0,2609360.0,23672700.0,East-Kazakhstan,2024,32.5,,,,
Ayagoz,20499128.0,61712184.0,291579.0,11339631.0,East-Kazakhstan,2018,32.7,26989.0,138291.3,14128.0,100.7
Ayagoz,15656393.0,179722065.0,9865541.0,11410383.0,East-Kazakhstan,2019,32.6,30862.9,157586.0,15791.0,103.4
Ayagoz,13781632.0,160232393.0,14332274.0,7804406.0,East-Kazakhstan,2020,32.3,35044.3,176730.8,17970.4,121.1
Ayagoz,13346463.0,133515460.0,22019524.0,8356142.0,East-Kazakhstan,2021,32.5,39369.4,213676.0,22349.3,116.6
Ayagoz,20205541.0,84721896.0,33086652.0,11204834.0,East-Kazakhstan,2022,31.0,48119.0,393822.3,30725.7,
Ayagoz,36080606.0,78294347.0,11681838.0,21962089.0,East-Kazakhstan,2023,30.8,23990.3,700823.3,40205.3,101.5
Ayagoz,103953611.0,46115882.0,18473017.0,56326120.0,East-Kazakhstan,2024,30.9,,977433.77,39790.07,
Besqaraghay,10352520.0,26703.0,14242.0,498695.0,East-Kazakhstan,2018,8.6,23830.9,1364.1,3063.4,100.7
Besqaraghay,2769920.0,12576.0,3882.0,422222.0,East-Kazakhstan,2019,8.4,23476.2,1341.4,3360.2,103.4
Besqaraghay,3273685.0,51434.0,51434.0,840425.0,East-Kazakhstan,2020,8.0,32035.6,2285.8,3658.2,121.1
Besqaraghay,3582297.0,564327.0,491929.0,651044.0,East-Kazakhstan,2021,8.0,38991.2,2054.5,4286.7,116.6
Besqaraghay,9630669.0,50756.0,0.0,2552148.0,East-Kazakhstan,2022,8.4,38743.1,1745.4,7163.3,
Besqaraghay,14450645.0,109793.0,0.0,3880376.0,East-Kazakhstan,2023,8.9,35619.9,2847.0,8334.3,101.5
Besqaraghay,20398098.0,250000.0,0.0,7973110.0,East-Kazakhstan,2024,8.9,,2180.07,8763.27,
Boroduliha,1775356.0,6842960.0,189707.0,351840.0,East-Kazakhstan,2018,18.9,28245.0,43111.8,8030.6,100.7
Boroduliha,3903445.0,7429083.0,473668.0,608581.0,East-Kazakhstan,2019,19.0,33757.8,41173.5,8883.5,103.4
Boroduliha,7317317.0,5233204.0,423039.0,946238.0,East-Kazakhstan,2020,18.8,42819.2,46307.4,10200.9,121.1
Boroduliha,14284875.0,4675109.0,153480.0,1375267.0,East-Kazakhstan,2021,18.5,68732.7,51879.1,6333.2,116.6
Boroduliha,19678545.0,8287453.0,0.0,1123947.0,East-Kazakhstan,2022,17.7,68220.1,58081.7,12297.5,
Boroduliha,34843836.0,239462.0,82397.0,1882326.0,East-Kazakhstan,2023,16.2,67770.9,64942.8,11708.3,101.5
Boroduliha,41377810.0,174338.0,988.0,13409169.0,East-Kazakhstan,2024,16.9,,66189.77,13896.77,
Glubokoe,7686350.0,6629009.0,1597772.0,2890091.0,East-Kazakhstan,2018,33.5,32978.1,37154.4,27536.7,100.7
Glubokoe,9880868.0,4097913.0,1590182.0,3346083.0,East-Kazakhstan,2019,33.0,40125.3,36880.1,31386.6,103.4
Glubokoe,11096937.0,5155251.0,901031.0,2714175.0,East-Kazakhstan,2020,33.3,43677.4,36422.9,33672.4,121.1
Glubokoe,28740609.0,4336142.0,2075629.0,18489996.0,East-Kazakhstan,2021,32.6,62600.6,50613.8,36865.6,116.6
Glubokoe,36079367.0,2849070.0,956136.0,22509543.0,East-Kazakhstan,2022,31.8,72881.2,95343.24,45491.6,
Glubokoe,38509620.0,3532759.0,1042843.0,16630423.0,East-Kazakhstan,2023,30.4,69330.0,92386.199,40590.1,101.5
Glubokoe,52050487.0,12459876.0,12200949.0,27612138.0,East-Kazakhstan,2024,30.5,,,,
Kokpekti,4873060.0,51788.0,28788.0,1210658.0,East-Kazakhstan,2018,14.5,31996.3,3848.6,4321.7,100.7
Kokpekti,6338400.0,842891.0,842891.0,1450697.0,East-Kazakhstan,2019,14.4,39851.1,4832.3,4772.5,103.4
Kokpekti,13401240.0,2981810.0,2981811.0,5221677.0,East-Kazakhstan,2020,13.7,48520.9,4213.4,5169.6,121.1
Kokpekti,21714566.0,49163.0,49163.0,1505802.0,East-Kazakhstan,2021,13.7,70348.9,29859.8,8518.5,116.6
Kokpekti,11884551.0,8000416.0,8000416.0,1536727.0,East-Kazakhstan,2022,13.2,61593.9,23978.582,7282.0,
Kokpekti,10846820.0,4997060.0,4997060.0,4377854.0,East-Kazakhstan,2023,13.5,44852.4,12117.93,7952.130800000001,101.5
Kokpekti,23965777.0,18166861.0,18166861.0,1089232.0,East-Kazakhstan,2024,13.100000000000001,,998.37,4707.47,
Kurchatov_city,5246007.0,149907.0,136764.0,2343776.0,East-Kazakhstan,2018,7.0,621.5,2680.1,7194.1,100.7
Kurchatov_city,2667739.0,197461.0,151863.0,1213929.0,East-Kazakhstan,2019,7.6,630.8,3291.2,8026.2,103.4
Kurchatov_city,2056592.0,152093.0,152093.0,1569691.0,East-Kazakhstan,2020,6.9,753.7,3433.2,8593.4,121.1
Kurchatov_city,2534568.0,1701984.0,1701984.0,2391226.0,East-Kazakhstan,2021,7.6,952.0,4635.3,9504.1,116.6
Kurchatov_city,3943532.0,661447.0,661447.0,3404888.0,East-Kazakhstan,2022,5.4,1028.6,3565.6,11259.3,
Kurchatov_city,1365443.0,990053.0,990053.0,1326638.0,East-Kazakhstan,2023,5.3,927.8,4605.1,14408.6,101.5
Kurchatov_city,4933996.0,1070127.0,1067835.0,4040415.0,East-Kazakhstan,2024,5.6,,5869.67,14050.77,
Kurshim,4344495.0,297563.0,582.0,528640.0,East-Kazakhstan,2018,12.0,31878.0,2472.6,1612.5,100.7
Kurshim,2949285.0,788129.0,48650.0,1304222.0,East-Kazakhstan,2019,11.6,36695.3,3368.8,2724.3,103.4
Kurshim,4807591.0,1200339.0,74012.0,2322010.0,East-Kazakhstan,2020,11.3,41691.5,5356.7,2886.2,121.1
Kurshim,10802862.0,1191237.0,14223.0,4021568.0,East-Kazakhstan,2021,11.3,48553.9,12329.3,3403.5,116.6
Kurshim,21557809.0,52079.0,0.0,2490699.0,East-Kazakhstan,2022,11.8,60974.2,13025.355,6765.9,
Kurshim,33199453.0,0.0,0.0,6610812.0,East-Kazakhstan,2023,11.0,50408.0,21608.268,4786.7,101.5
Kurshim,35094458.0,177293.0,177293.0,5181927.0,East-Kazakhstan,2024,10.5,,,,
Oskemen_city,118861638.0,8712430.0,8139851.0,85817952.0,East-Kazakhstan,2018,168.7,18710.2,1089708.7,505623.0,100.7
Oskemen_city,130962800.0,7486373.0,6811755.0,76825034.0,East-Kazakhstan,2019,171.0,20500.4,1188598.0,575488.1,103.4
Oskemen_city,148217665.0,4294421.0,4187588.0,82461635.0,East-Kazakhstan,2020,169.2,26403.4,1267686.2,614110.3,121.1
Oskemen_city,170156126.0,5068607.0,4770687.0,104989574.0,East-Kazakhstan,2021,169.4,33072.0,1432273.9,710753.9,116.6
Oskemen_city,225488843.0,5022897.0,4933999.0,157216938.0,East-Kazakhstan,2022,176.8,29324.4,1680829.586,856099.9,
Oskemen_city,309309688.0,10534789.0,10494467.0,231477148.0,East-Kazakhstan,2023,185.2,26470.6,1789034.282,972089.1,101.5
Oskemen_city,344196889.0,4739629.0,4695483.0,276193691.0,East-Kazakhstan,2024,185.6,,,,
Qatonqaraghay,3793724.0,2495.0,2495.0,1190044.0,East-Kazakhstan,2018,12.2,25548.8,1223.3,7107.8,100.7
Qatonqaraghay,3062361.0,113451.0,113452.0,1566791.0,East-Kazakhstan,2019,11.8,28496.5,1314.5,8017.1,103.4
Qatonqaraghay,5520534.0,276361.0,276362.0,1353893.0,East-Kazakhstan,2020,11.3,34118.8,1700.8,8800.3,121.1
Qatonqaraghay,7003527.0,2234.0,2234.0,1886387.0,East-Kazakhstan,2021,11.3,42199.1,2389.7,10506.1,116.6
Qatonqaraghay,9293263.0,0.0,0.0,5475644.0,East-Kazakhstan,2022,11.2,52199.6,1833.314,13304.7,
Qatonqaraghay,10698917.0,8750.0,0.0,4481612.0,East-Kazakhstan,2023,10.6,42619.6,1635.082,10925.0,101.5
Qatonqaraghay,24393822.0,513.0,513.0,11539800.0,East-Kazakhstan,2024,10.3,,,,
Ridder_city,24795133.0,413071.0,413071.0,5428607.0,East-Kazakhstan,2018,29.7,13025.6,278917.898,57782.0,100.7
Ridder_city,35856487.0,1985478.0,1038958.0,5492332.0,East-Kazakhstan,2019,29.8,13398.0,266233.686,64214.5,103.4
Ridder_city,58120211.0,1486275.0,351408.0,12415449.0,East-Kazakhstan,2020,29.0,16953.0,254947.949,70603.79999999999,121.1
Ridder_city,68132548.0,9857689.0,106040.0,26069347.0,East-Kazakhstan,2021,28.7,22485.0,323350.305,78805.20000000001,116.6
Ridder_city,87637873.0,1649142.0,181576.0,24251404.0,East-Kazakhstan,2022,27.8,25977.7,387466.579,102022.70000000001,
Ridder_city,86413835.0,37107.0,3107.0,30460088.0,East-Kazakhstan,2023,26.9,23936.0,332509.993,109354.5,101.5
Ridder_city,81578576.0,199374.0,83752.0,16545190.0,East-Kazakhstan,2024,28.2,,,,
Semey_city,59960428.0,7947330.0,7823433.0,30683044.0,East-Kazakhstan,2018,165.3,34426.4,185508.3,200577.5,100.7
Semey_city,69248231.0,9472080.0,8746424.0,34506987.0,East-Kazakhstan,2019,166.3,36688.9,212943.3,226118.8,103.4
Semey_city,83312392.0,10367850.0,9579001.0,38751194.0,East-Kazakhstan,2020,165.4,40720.7,262438.5,239089.9,121.1
Semey_city,96089034.0,14610515.0,12609326.0,51141076.0,East-Kazakhstan,2021,165.8,51720.0,320196.1,307614.4,116.6
Semey_city,155136563.0,9031184.0,7832619.0,89301033.0,East-Kazakhstan,2022,147.0,60899.1,451244.1,353284.1,
Semey_city,179541771.0,23737292.0,22814925.0,96902290.0,East-Kazakhstan,2023,153.1,57428.0,483441.8,458924.5,101.5
Semey_city,171726243.0,9612387.0,8164191.0,93568455.0,East-Kazakhstan,2024,153.1,,492878.04000000004,483271.97,
Shemonaiha,5088402.0,12668546.0,115759.0,946605.0,East-Kazakhstan,2018,23.3,28268.3,60069.5,9745.4,100.7
Shemonaiha,7056703.0,15075868.0,283458.0,4107628.0,East-Kazakhstan,2019,23.3,33198.3,64098.8,10808.9,103.4
Shemonaiha,8272648.0,21737763.0,69967.0,3386260.0,East-Kazakhstan,2020,23.0,35344.6,74754.4,11599.3,121.1
Shemonaiha,11422686.0,23069230.0,8537.0,2435534.0,East-Kazakhstan,2021,23.0,54787.5,92854.4,13944.5,116.6
Shemonaiha,14830706.0,23410002.0,81487.0,2066689.0,East-Kazakhstan,2022,24.3,60296.4,118102.441,17349.8,
Shemonaiha,35960976.0,82357.0,77769.0,3413219.0,East-Kazakhstan,2023,21.8,51963.6,122014.43,19931.9,101.5
Shemonaiha,35546797.0,436488.0,398723.0,1846726.0,East-Kazakhstan,2024,20.8,,,,
Tarbagatay,6906993.0,8657.0,8657.0,1266357.0,East-Kazakhstan,2018,17.5,71880.4,5873.4,22457.8,100.7
Tarbagatay,7338701.0,107518.0,107519.0,1142812.0,East-Kazakhstan,2019,17.4,81919.2,5489.4,25470.8,103.4
Tarbagatay,6961122.0,3092217.0,3092217.0,2324548.0,East-Kazakhstan,2020,16.9,92644.8,5402.8,27842.6,121.1
Tarbagatay,9666690.0,4403517.0,4235509.0,2244204.0,East-Kazakhstan,2021,16.1,78769.0,5474.0,23294.699999999997,116.6
Tarbagatay,13439168.0,1475880.0,1475880.0,2309111.0,East-Kazakhstan,2022,18.4,67754.0,2847.913,20476.7,
Tarbagatay,21577448.0,0.0,0.0,3621052.0,East-Kazakhstan,2023,19.3,49249.3,4346.228,17587.699999999997,101.5
Tarbagatay,32015111.0,8251464.0,4855780.0,7388680.0,East-Kazakhstan,2024,18.1,,,,
Ulan,5831808.0,14757.0,8878.0,1985529.0,East-Kazakhstan,2018,20.1,38287.8,22903.2,9003.8,100.7
Ulan,7126305.0,5089992.0,5076821.0,1087204.0,East-Kazakhstan,2019,19.6,44809.5,27212.1,9920.7,103.4
Ulan,9503951.0,5596078.0,5557154.0,1596297.0,East-Kazakhstan,2020,19.5,48286.6,23257.8,11362.6,121.1
Ulan,19257618.0,2518731.0,2437737.0,2125815.0,East-Kazakhstan,2021,19.4,63551.8,30415.8,12272.2,116.6
Ulan,32223648.0,29313.0,0.0,1818832.0,East-Kazakhstan,2022,17.5,82467.5,48363.878,16000.1,
Ulan,14677564.0,104769.0,43163.0,2763740.0,East-Kazakhstan,2023,17.2,83958.4,60209.805,15151.8,101.5
Ulan,17831632.0,3100990.0,2650866.0,3644444.0,East-Kazakhstan,2024,17.2,,,,
Urzhar,10380302.0,27512.0,27512.0,4842850.0,East-Kazakhstan,2018,36.2,57993.3,2714.9,8655.7,100.7
Urzhar,9089752.0,597726.0,597232.0,3470162.0,East-Kazakhstan,2019,36.1,68801.6,2597.1,9493.6,103.4
Urzhar,20454828.0,3277039.0,3277039.0,4959961.0,East-Kazakhstan,2020,35.2,81808.2,3120.4,10453.7,121.1
Urzhar,22341853.0,2896118.0,2896118.0,7443687.0,East-Kazakhstan,2021,34.9,101016.4,3490.9,13400.0,116.6
Urzhar,27377084.0,141345.0,141345.0,8315239.0,East-Kazakhstan,2022,35.1,113587.4,2387.6,18379.7,
Urzhar,25304824.0,22107273.0,22107273.0,9625521.0,East-Kazakhstan,2023,36.5,103314.8,3261.4,17632.3,101.5
Urzhar,35406553.0,14262699.0,14262699.0,17619841.0,East-Kazakhstan,2024,35.4,,3139.14,19407.84,
Zaysan,5334821.0,1683606.0,4475.0,1498241.0,East-Kazakhstan,2018,17.5,22634.8,20609.4,8238.3,100.7
Zaysan,3814174.0,4859101.0,4141454.0,622359.0,East-Kazakhstan,2019,17.8,25866.7,12568.1,9424.2,103.4
Zaysan,7097603.0,7307568.0,6850902.0,2456629.0,East-Kazakhstan,2020,17.3,30030.2,10680.4,10147.1,121.1
Zaysan,11833164.0,8349141.0,7676490.0,6225209.0,East-Kazakhstan,2021,17.4,38734.6,12588.3,11255.0,116.6
Zaysan,7876469.0,1864950.0,1607085.0,3595211.0,East-Kazakhstan,2022,16.8,49187.9,10102.05,16090.4,
Zaysan,11171159.0,4815607.0,4417758.0,4070551.0,East-Kazakhstan,2023,17.1,36324.1,5777.665,14955.9,101.5
Zaysan,15293625.0,22266970.0,18781174.0,6643924.0,East-Kazakhstan,2024,16.9,,,,
Zharma,12129427.0,42930293.0,2917140.0,6071139.0,East-Kazakhstan,2018,18.4,22052.3,80350.9,11884.9,100.7
Zharma,13259516.0,16736915.0,12060456.0,7814068.0,East-Kazakhstan,2019,18.8,24946.7,229302.1,13072.3,103.4
Zharma,8965750.0,30650877.0,22714979.0,2663341.0,East-Kazakhstan,2020,16.9,29248.6,319768.5,14468.2,121.1
Zharma,11089448.0,16530654.0,5231374.0,7488723.0,East-Kazakhstan,2021,16.9,34225.4,294781.8,16452.7,116.6
Zharma,22694539.0,28933370.0,17497704.0,17646057.0,East-Kazakhstan,2022,18.8,42371.9,282815.6,21264.1,
Zharma,57603107.0,17378503.0,5777877.0,23491273.0,East-Kazakhstan,2023,17.8,41639.4,315236.0,31105.3,101.5
Zharma,25006215.0,44066611.0,31108924.0,11218226.0,East-Kazakhstan,2024,17.0,,398951.97,34366.87,
Aqkol,4538180.0,33806.0,33806.0,1380767.0,Aqmola,2014,15.0,8460.5,4355.1,6016.3,104.5
Aqkol,,,,,Aqmola,2015,13.7,10851.5,4219.1,5663.1,108.6
Aqkol,9483391.0,52136.0,52136.0,1300876.0,Aqmola,2016,13.2,12535.4,4536.8,5455.5,109.7
Aqkol,8156066.0,54000.0,54000.0,1905603.0,Aqmola,2017,12.6,14226.7,5871.0,6933.5,102.8
Aqkol,5284638.0,402879.0,402879.0,1494698.0,Aqmola,2018,13.0,15488.055534697205,4678.0,6941.0,107.7
Aqkol,7296425.0,282914.0,179659.0,2084912.0,Aqmola,2019,12.8,18875.2,5012.7,5580.6,113.0
Aqkol,9298345.0,110735.0,55736.0,1788971.0,Aqmola,2020,12.6,25483.7,5688.2,3511.7,101.9
Aqkol,26170841.0,32615.0,32615.0,2491294.0,Aqmola,2021,13.2,29131.8444229965,6045.4,7973.2,109.5
Aqkol,26407841.0,5167.0,5167.0,4857277.0,Aqmola,2022,12.8,41323.74864034742,6559.6,8527.1,105.3
Aqkol,0.0,0.0,0.0,4580819.0,Aqmola,2023,13.1,22405.6,6306.6,7289.4,104.8
Aqkol,28537662.0,0.0,0.0,3983842.0,Aqmola,2024,12.0,,,,
Arshaly,16840780.0,460895.0,402926.0,5001929.0,Aqmola,2014,16.2,11936.6,14691.2,5666.8,104.5
Arshaly,,,,,Aqmola,2015,14.6,13316.6,16252.5,5207.5,108.6
Arshaly,27601041.0,33322.0,29725.0,4011761.0,Aqmola,2016,15.0,16140.7,18133.6,5738.6,109.7
Arshaly,17404023.0,408244.0,405061.0,6979908.0,Aqmola,2017,14.5,16702.3,14871.5,10888.4,102.8
Arshaly,34046358.0,83506.0,38697.0,30924827.0,Aqmola,2018,14.7,20312.084188722278,16165.9,7496.1,107.7
Arshaly,43749939.0,1580156.0,1575783.0,35996377.0,Aqmola,2019,14.7,21268.9,19988.1,7444.1,113.0
Arshaly,37795058.0,1420288.0,1372004.0,30387616.0,Aqmola,2020,14.7,33048.2,25277.7,6119.6,101.9
Arshaly,40205263.0,184400.0,124074.0,19328925.0,Aqmola,2021,14.9,36128.32350257405,38620.7,6342.9,109.5
Arshaly,54559524.0,5653681.0,5177033.0,31658879.0,Aqmola,2022,13.8,45754.242291511866,54048.4,7106.4,105.3
Arshaly,36413510.0,108186208.0,107546178.0,12096603.0,Aqmola,2023,14.0,33242.6,83290.7,12154.2,104.8
Arshaly,37961812.0,4532251.0,4238761.0,5237810.0,Aqmola,2024,13.7,,,,
Astrakhan,3189134.0,236788.0,51388.0,354737.0,Aqmola,2014,14.9,16283.2,3579.1,2341.1,104.5
Astrakhan,,,,,Aqmola,2015,14.0,18474.7,4649.9,2488.6,108.6
Astrakhan,6633931.0,7680.0,7680.0,1050818.0,Aqmola,2016,14.1,23330.4,6152.3,3805.5,109.7
Astrakhan,7363898.0,36281.0,0.0,2139792.0,Aqmola,2017,13.6,23463.4,4241.3,4174.99,102.8
Astrakhan,4176500.0,112927.0,0.0,398392.0,Aqmola,2018,13.8,27680.350538784143,4859.8,3028.8,107.7
Astrakhan,5893032.0,142919.0,1500.0,1230765.0,Aqmola,2019,13.7,30850.1,4134.9,7147.1,113.0
Astrakhan,7722322.0,135408.0,0.0,1090823.0,Aqmola,2020,13.6,45347.4,4466.8,5358.2,101.9
Astrakhan,11132997.0,389709.0,4593.0,2411003.0,Aqmola,2021,12.9,50705.543561161554,4619.1,3048.7,109.5
Astrakhan,16395998.0,56711.0,1424.0,2417880.0,Aqmola,2022,11.4,61077.411543569935,5477.4,8679.5,105.3
Astrakhan,7145596.0,552920.0,0.0,1415832.0,Aqmola,2023,10.7,39616.6,6685.8,4846.9,104.8
Astrakhan,11875408.0,128327.0,0.0,1741279.0,Aqmola,2024,10.4,,,,
Atbasar,5773568.0,83754.0,83754.0,3079041.0,Aqmola,2014,29.3,19129.4,16015.0,6793.8,104.5
Atbasar,,,,,Aqmola,2015,28.1,21949.9,14943.1,7296.6,108.6
Atbasar,12548497.0,4860.0,4860.0,3075632.0,Aqmola,2016,28.0,27379.4,14713.6,14644.8,109.7
Atbasar,9613920.0,7444.0,7444.0,3067372.0,Aqmola,2017,27.4,29398.2,18135.1,17147.9,102.8
Atbasar,7104526.0,75698.0,74224.0,1867999.0,Aqmola,2018,27.0,29684.147805318713,20009.4,13764.2,107.7
Atbasar,7511213.0,98211.0,75874.0,1368316.0,Aqmola,2019,26.7,36265.3,28362.6,13292.4,113.0
Atbasar,9711195.0,32091.0,207.0,3659463.0,Aqmola,2020,25.6,45729.4,20260.6,9738.9,101.9
Atbasar,15082666.0,195811.0,173590.0,4141885.0,Aqmola,2021,25.0,47333.0304943848,17465.7,17623.8,109.5
Atbasar,20372393.0,323411.0,17006.0,10997072.0,Aqmola,2022,23.1,75848.80883957985,26152.3,13254.8,105.3
Atbasar,17997069.0,218121.0,13755.0,3399760.0,Aqmola,2023,22.7,50599.1,30776.1,22080.5,104.8
Atbasar,21035533.0,7148.0,179.0,8707936.0,Aqmola,2024,22.9,,,,
Birzhan Sal,27747393.0,335245.0,99294.0,25435349.0,Aqmola,2014,9.3,10721.9,12488.3,1071.5,104.5
Birzhan Sal,,,,,Aqmola,2015,8.5,13997.8,12236.4,1141.5,108.6
Birzhan Sal,5734722.0,218917.0,0.0,2846605.0,Aqmola,2016,8.4,16609.3,14363.0,1300.8,109.7
Birzhan Sal,6583171.0,166751.0,0.0,4835390.0,Aqmola,2017,8.1,17547.7,16777.4,1531.7,102.8
Birzhan Sal,3970868.0,325753.0,7493.0,188659.0,Aqmola,2018,7.6,19916.623719726806,21587.3,1505.1,107.7
Birzhan Sal,4052781.0,272851.0,13615.0,1184975.0,Aqmola,2019,7.4,21769.3,25448.5,2314.9,113.0
Birzhan Sal,5313242.0,97187.0,58822.0,1259444.0,Aqmola,2020,7.0,31075.0,30329.8,790.1,101.9
Birzhan Sal,8474639.0,372549.0,0.0,1980180.0,Aqmola,2021,6.8,30365.035987513118,37796.6,1301.2,109.5
Birzhan Sal,7296682.0,489499.0,32269.0,1212287.0,Aqmola,2022,6.9,37731.96627866826,39077.0,1807.1,105.3
Birzhan Sal,11610143.0,3689945.0,0.0,1499681.0,Aqmola,2023,6.6,27259.0,34742.8,1580.5,104.8
Birzhan Sal,14148853.0,2837576.0,0.0,594423.0,Aqmola,2024,6.3,,,,
Bulandy,4944398.0,222326.0,209247.0,1355944.0,Aqmola,2014,19.5,11685.4,3550.9,104.2,104.5
Bulandy,,,,,Aqmola,2015,17.7,15100.2,4047.1,78.2,108.6
Bulandy,6333035.0,225722.0,24918.0,3414073.0,Aqmola,2016,18.0,17213.9,3233.3,110.0,109.7
Bulandy,6408708.0,48149.0,0.0,3648527.0,Aqmola,2017,17.9,18348.7,4304.2,104.7,102.8
Bulandy,21236281.0,11139.0,0.0,19150914.0,Aqmola,2018,17.8,21492.47356491125,6205.1,106.7,107.7
Bulandy,11483117.0,390.0,390.0,7064189.0,Aqmola,2019,17.6,35902.0,19949.6,80.3,113.0
Bulandy,21708009.0,134759.0,134759.0,15774319.0,Aqmola,2020,17.7,54818.2,24503.9,120.4,101.9
Bulandy,16356627.0,13029.0,11154.0,8099859.0,Aqmola,2021,18.5,81934.28032090109,51652.9,151.9,109.5
Bulandy,33959338.0,27283.0,9207.0,24525081.0,Aqmola,2022,16.8,123525.83070512857,69125.6,83.0,105.3
Bulandy,0.0,0.0,0.0,9568376.0,Aqmola,2023,15.0,119580.8,102643.5,117.7,104.8
Bulandy,18616388.0,68772.0,44951.0,6365073.0,Aqmola,2024,14.3,,,,
Burabay,11441072.0,167488.0,167488.0,3221601.0,Aqmola,2014,43.8,15633.5,18035.6,5011.8,104.5
Burabay,,,,,Aqmola,2015,43.1,20712.1,21790.1,6269.4,108.6
Burabay,16926528.0,585553.0,585553.0,9182482.0,Aqmola,2016,44.2,23137.6,30637.8,5557.6,109.7
Burabay,37263368.0,356738.0,356738.0,6652526.0,Aqmola,2017,44.1,27603.0,31781.7,7312.9,102.8
Burabay,26589095.0,565017.0,565017.0,9220957.0,Aqmola,2018,44.2,29587.052457891004,40715.4,17135.3,107.7
Burabay,28264658.0,5602140.0,5602140.0,15583116.0,Aqmola,2019,44.7,31024.6,47345.7,17641.9,113.0
Burabay,36241084.0,8974706.0,8974706.0,18998797.0,Aqmola,2020,43.7,38939.1,66635.5,22576.3,101.9
Burabay,78613077.0,62254.0,55467.0,60132900.0,Aqmola,2021,43.6,47237.923069246346,55555.4,40786.7,109.5
Burabay,37561209.0,37312357.0,37277357.0,26163186.0,Aqmola,2022,42.2,58238.880477939216,80458.1,35187.8,105.3
Burabay,31980170.0,6704346.0,6704346.0,14889959.0,Aqmola,2023,42.6,34051.4,136532.7,35859.6,104.8
Burabay,32850159.0,9706286.0,5575635.0,16587025.0,Aqmola,2024,41.1,,,,
Egindykol,1896090.0,33291.0,6275.0,1040371.0,Aqmola,2014,3.5,11203.1,697.2,683.8,104.5
Egindykol,,,,,Aqmola,2015,3.3,12815.3,804.0,726.7,108.6
Egindykol,4365907.0,354902.0,0.0,282797.0,Aqmola,2016,3.4,14916.5,870.4,1831.5,109.7
Egindykol,2420239.0,455250.0,0.0,225592.0,Aqmola,2017,3.0,13368.5,1038.1,2724.9,102.8
Egindykol,1284771.0,49086.0,0.0,99760.0,Aqmola,2018,3.2,14809.140813210308,1342.1,2580.4,107.7
Egindykol,1925660.0,7488.0,7488.0,197145.0,Aqmola,2019,3.2,16751.1,1146.7,2574.8,113.0
Egindykol,2788138.0,46793.0,46793.0,224972.0,Aqmola,2020,3.1,28860.9,1246.5,643.1,101.9
Egindykol,4897430.0,0.0,0.0,142008.0,Aqmola,2021,2.6,32029.230586109305,1501.1,1084.3,109.5
Egindykol,6379640.0,0.0,0.0,409417.0,Aqmola,2022,2.8,38702.65216179366,1421.0,129.8,105.3
Egindykol,3871507.0,0.0,0.0,429640.0,Aqmola,2023,2.9,21683.2,1004.2,324.7,104.8
Egindykol,6677623.0,0.0,0.0,241107.0,Aqmola,2024,2.6,,,,
Ereymentau,10605765.0,2129673.0,2129673.0,9650125.0,Aqmola,2014,15.8,8508.5,7211.2,2582.6,104.5
Ereymentau,,,,,Aqmola,2015,14.6,10545.1,11553.8,2331.9,108.6
Ereymentau,25227277.0,71000.0,71000.0,2168495.0,Aqmola,2016,14.7,12730.5,12689.7,2605.6,109.7
Ereymentau,34190354.0,0.0,0.0,966414.0,Aqmola,2017,13.9,13209.4,16635.8,3346.8,102.8
Ereymentau,10559527.0,12088.0,6643.0,493060.0,Aqmola,2018,13.8,14914.942320627242,12986.8,3301.7,107.7
Ereymentau,5992301.0,258615.0,18605.0,2716307.0,Aqmola,2019,13.6,16924.6,13029.1,3136.1,113.0
Ereymentau,9297473.0,89038.0,0.0,4317942.0,Aqmola,2020,13.8,21933.0,13180.7,3061.3,101.9
Ereymentau,9911079.0,142464.0,9301.0,5434917.0,Aqmola,2021,12.8,28470.912808404424,18104.5,13795.0,109.5
Ereymentau,13835304.0,186489.0,636.0,7280241.0,Aqmola,2022,13.5,35951.1651467322,19671.9,17947.3,105.3
Ereymentau,16732037.0,241888.0,196719.0,5787934.0,Aqmola,2023,12.1,20193.4,19820.4,7519.9,104.8
Ereymentau,13057062.0,112584.0,112584.0,2689980.0,Aqmola,2024,12.3,,,,
Kokshetau city,25362109.0,1187782.0,1187782.0,18402222.0,Aqmola,2014,88.5,1964.0,82158.1,97495.8,104.5
Kokshetau city,,,,,Aqmola,2015,90.7,3212.9,83694.5,104833.6,108.6
Kokshetau city,28483097.0,1720145.0,1592194.0,22048177.0,Aqmola,2016,91.9,3481.4,99581.4,124935.2,109.7
Kokshetau city,30894746.0,1432479.0,1403644.0,21007428.0,Aqmola,2017,92.4,4320.6,106302.3,144202.6,102.8
Kokshetau city,37822059.0,947753.0,947753.0,24168284.0,Aqmola,2018,91.4,4774.9,105998.9,184575.9,107.7
Kokshetau city,41700173.0,2543749.0,2543749.0,27476456.0,Aqmola,2019,91.0,5070.6,112034.8,199561.8,113.0
Kokshetau city,73740966.0,1237477.0,1234695.0,31062648.0,Aqmola,2020,86.7,5855.1,178650.5,165988.7,101.9
Kokshetau city,61799758.0,1287077.0,1285738.0,45260793.0,Aqmola,2021,86.3,7895.245307853243,237133.6,138971.2,109.5
Kokshetau city,98752411.0,2939802.0,2939802.0,89937340.0,Aqmola,2022,98.9,8912.22787510223,264376.4,185993.7,105.3
Kokshetau city,84122398.0,4113175.0,4113175.0,62283023.0,Aqmola,2023,90.0,7302.8,313518.2,185855.8,104.8
Kokshetau city,86119120.0,4510077.0,4510077.0,51756167.0,Aqmola,2024,90.7,,,,
Qorghalzhyn,1908865.0,3233.0,3233.0,409347.0,Aqmola,2014,5.2,5275.0,1768.4,353.5,104.5
Qorghalzhyn,,,,,Aqmola,2015,4.9,6049.7,2642.9,369.5,108.6
Qorghalzhyn,2416545.0,0.0,0.0,503237.0,Aqmola,2016,4.7,8274.2,3240.8,416.4,109.7
Qorghalzhyn,2169668.0,0.0,0.0,446083.0,Aqmola,2017,4.4,6752.3,2813.4,594.2,102.8
Qorghalzhyn,2537893.0,17930.0,17930.0,627290.0,Aqmola,2018,4.2,10847.132871849168,2657.0,581.8,107.7
Qorghalzhyn,1904874.0,3605.0,0.0,769017.0,Aqmola,2019,4.1,9565.7,3869.9,691.9,113.0
Qorghalzhyn,3007724.0,28283.0,20918.0,513874.0,Aqmola,2020,4.0,16345.9,1738.1,229.7,101.9
Qorghalzhyn,4915802.0,0.0,0.0,646799.0,Aqmola,2021,4.2,17473.178087640736,1576.2,2002.5,109.5
Qorghalzhyn,3401143.0,0.0,0.0,514650.0,Aqmola,2022,3.8,17700.929454153753,2039.3,3169.1,105.3
Qorghalzhyn,2693269.0,0.0,0.0,697515.0,Aqmola,2023,3.9,11001.1,1674.7,382.7,104.8
Qorghalzhyn,0.0,0.0,0.0,1122427.0,Aqmola,2024,3.3,,,,
Qosshi city,,,,,Aqmola,2014,0.0,,,,104.5
Qosshi city,,,,,Aqmola,2015,0.0,,,,108.6
Qosshi city,,,,,Aqmola,2016,0.0,,,,109.7
Qosshi city,,,,,Aqmola,2017,0.0,,,,102.8
Qosshi city,,,,,Aqmola,2018,0.0,,,,107.7
Qosshi city,,,,,Aqmola,2019,0.0,,,,113.0
Qosshi city,,,,,Aqmola,2020,0.0,,,,101.9
Qosshi city,17830934.0,4012.0,4012.0,13077446.0,Aqmola,2021,0.0,545.8743539549016,8819.5,3777.3,109.5
Qosshi city,31711269.0,6167.0,6167.0,21420418.0,Aqmola,2022,26.6,726.78561323,9117.6,5313.2,105.3
Qosshi city,44514689.0,1146371.0,1146371.0,35487406.0,Aqmola,2023,27.8,475.0,11911.3,6892.5,104.8
Qosshi city,45233865.0,6544.0,6544.0,27618680.0,Aqmola,2024,29.1,,,,
Sandyqtau,3567018.0,164391.0,164391.0,922389.0,Aqmola,2014,11.5,16212.8,1889.6,103.7,104.5
Sandyqtau,,,,,Aqmola,2015,10.2,19325.7,1861.8,88.0,108.6
Sandyqtau,4277559.0,0.0,0.0,387152.0,Aqmola,2016,10.1,22634.6,2474.6,167.5,109.7
Sandyqtau,4065308.0,6375.0,0.0,458228.0,Aqmola,2017,9.7,28610.8,2268.5,111.8,102.8
Sandyqtau,4925989.0,1359830.0,1359830.0,837410.0,Aqmola,2018,9.6,24606.717076112785,2629.7,100.1,107.7
Sandyqtau,5383488.0,272361.0,272361.0,215547.0,Aqmola,2019,9.5,33719.0,1918.9,62.0,113.0
Sandyqtau,7436427.0,228553.0,228553.0,797409.0,Aqmola,2020,9.5,48572.6,2329.2,53.2,101.9
Sandyqtau,14763610.0,0.0,0.0,957753.0,Aqmola,2021,9.1,48671.1884504412,2433.0,146.2,109.5
Sandyqtau,11931854.0,209.0,209.0,1228147.0,Aqmola,2022,9.3,92394.96480790302,2071.1,98.9,105.3
Sandyqtau,10356322.0,761735.0,753075.0,460492.0,Aqmola,2023,9.7,50154.5,2317.2,70.4,104.8
Sandyqtau,9467141.0,96416.0,0.0,1959891.0,Aqmola,2024,8.8,,,,
Shortandy,2869600.0,71446.0,0.0,1088540.0,Aqmola,2014,17.1,9135.4,10652.8,4186.5,104.5
Shortandy,,,,,Aqmola,2015,15.7,12123.4,12197.3,4429.1,108.6
Shortandy,6703439.0,1616951.0,343126.0,3511949.0,Aqmola,2016,17.1,15567.4,17843.6,5183.6,109.7
Shortandy,6380617.0,2360048.0,381585.0,4124405.0,Aqmola,2017,16.2,13935.0,20065.4,5689.6,102.8
Shortandy,6564834.0,2151869.0,435.0,3716135.0,Aqmola,2018,16.3,17620.656249665393,32501.0,3803.1,107.7
Shortandy,13687980.0,2047672.0,21633.0,6879217.0,Aqmola,2019,16.1,20576.7,47271.5,5610.0,113.0
Shortandy,9989750.0,2849620.0,158037.0,2010449.0,Aqmola,2020,16.1,31928.1,65528.3,5622.3,101.9
Shortandy,,,,,Aqmola,2021,16.0,34665.15929634468,63244.9,4746.7,109.5
Shortandy,5268991.0,15678072.0,14551279.0,1442860.0,Aqmola,2022,15.6,44693.007366750055,93623.3,6978.3,105.3
Shortandy,10014078.0,538376.0,0.0,2413867.0,Aqmola,2023,15.7,24515.2,122602.8,11037.2,104.8
Shortandy,13345883.0,678564.0,0.0,4054668.0,Aqmola,2024,14.4,,,,
Stepnogorsk city,5797836.0,2960574.0,1637284.0,2956251.0,Aqmola,2014,38.1,2212.1,69044.3,15462.6,104.5
Stepnogorsk city,,,,,Aqmola,2015,38.2,2899.2,69540.3,16615.6,108.6
Stepnogorsk city,7135367.0,4690126.0,942576.0,6250538.0,Aqmola,2016,39.9,3152.8,95937.9,25011.5,109.7
Stepnogorsk city,10756039.0,8430718.0,748376.0,9908475.0,Aqmola,2017,39.4,3839.8,94195.4,28213.6,102.8
Stepnogorsk city,13363218.0,7988579.0,1670848.0,12282528.0,Aqmola,2018,39.2,3968.05616928363,140072.9,27546.4,107.7
Stepnogorsk city,20671106.0,5941622.0,2321068.0,17510082.0,Aqmola,2019,38.7,4166.3,165779.6,27546.4,113.0
Stepnogorsk city,9817544.0,44596778.0,30237955.0,5768554.0,Aqmola,2020,36.6,4904.8,192799.0,25246.5,101.9
Stepnogorsk city,23617829.0,40305085.0,26733549.0,17365054.0,Aqmola,2021,35.9,6638.288705689623,194574.1,21382.5,109.5
Stepnogorsk city,18977114.0,11383226.0,2359186.0,13034654.0,Aqmola,2022,36.0,8263.969195239186,405339.9,18986.7,105.3
Stepnogorsk city,18033849.0,7808853.0,4755912.0,12603351.0,Aqmola,2023,34.0,5648.5,408753.0,29431.2,104.8
Stepnogorsk city,18894888.0,4794754.0,1147748.0,9785674.0,Aqmola,2024,34.0,,,,
Tselinograd,28691450.0,27408.0,27408.0,5584826.0,Aqmola,2014,35.4,15223.5,8885.2,1952.6,104.5
Tselinograd,,,,,Aqmola,2015,35.2,18517.7,16716.2,1518.6,108.6
Tselinograd,25167490.0,28014.0,28014.0,12569483.0,Aqmola,2016,38.0,24415.4,22449.5,1533.2,109.7
Tselinograd,33275158.0,3073.0,3073.0,20560167.0,Aqmola,2017,37.2,26875.6,25700.8,5452.7,102.8
Tselinograd,38260112.0,668452.0,667178.0,27811425.0,Aqmola,2018,39.7,36231.44607527343,32184.4,4664.9,107.7
Tselinograd,66352056.0,904737.0,904709.0,45417094.0,Aqmola,2019,41.4,36384.2,37220.4,6618.7,113.0
Tselinograd,85272312.0,5147.0,752.0,64542185.0,Aqmola,2020,43.2,57232.6,41331.6,6356.1,101.9
Tselinograd,52804124.0,153332.0,332.0,28923247.0,Aqmola,2021,46.0,60317.531788253415,45768.1,5286.8,109.5
Tselinograd,54894919.0,5725.0,5725.0,26413263.0,Aqmola,2022,40.9,65411.5424183149,49027.6,10818.7,105.3
Tselinograd,67856439.0,108895.0,108895.0,33288609.0,Aqmola,2023,40.5,51602.4,51309.6,11161.0,104.8
Tselinograd,112624504.0,11264.0,11264.0,30733788.0,Aqmola,2024,42.5,,,,
Yesil,4445182.0,44866.0,44866.0,3424336.0,Aqmola,2014,15.4,17259.9,4354.3,103.3,104.5
Yesil,,,,,Aqmola,2015,14.0,21468.5,6005.7,98.5,108.6
Yesil,7282713.0,0.0,127952.0,3045060.0,Aqmola,2016,14.4,25071.6,6908.6,133.9,109.7
Yesil,5158834.0,0.0,0.0,2675583.0,Aqmola,2017,14.0,27284.6,5358.0,65.7,102.8
Yesil,6410879.0,0.0,0.0,2807894.0,Aqmola,2018,13.6,22082.309589709832,2819.8,110.8,107.7
Yesil,4450614.0,46.0,46.0,714372.0,Aqmola,2019,13.2,30075.0,2841.3,117.0,113.0
Yesil,9303290.0,99717.0,99717.0,1728751.0,Aqmola,2020,12.8,38827.8,3242.0,109.8,101.9
Yesil,10659053.0,158117.0,4591.0,1919184.0,Aqmola,2021,12.4,38777.14751549515,3623.6,73.8,109.5
Yesil,12097262.0,61656.0,269.0,1176375.0,Aqmola,2022,12.2,75535.81080640783,2859.1,53.6,105.3
Yesil,9938927.0,27902.0,0.0,731673.0,Aqmola,2023,12.0,42228.8,3036.6,124.4,104.8
Yesil,11359676.0,13175.0,0.0,1178656.0,Aqmola,2024,11.3,,,,
Zerendi,7443949.0,392166.0,63454.0,1663870.0,Aqmola,2014,23.5,17254.5,48816.3,4568.3,104.5
Zerendi,,,,,Aqmola,2015,22.3,22301.2,48033.0,3837.2,108.6
Zerendi,5563468.0,321268.0,172327.0,2073432.0,Aqmola,2016,21.6,25737.0,96410.6,2905.8,109.7
Zerendi,8432668.0,35719.0,22084.0,1198997.0,Aqmola,2017,21.0,35489.8,185211.1,2405.8,102.8
Zerendi,17730652.0,25900.0,25900.0,3849569.0,Aqmola,2018,20.8,33697.933131316415,206858.5,2490.5,107.7
Zerendi,26611645.0,94346.0,94346.0,6920573.0,Aqmola,2019,21.0,42634.4,249521.7,4105.9,113.0
Zerendi,15080490.0,162938.0,160948.0,4159015.0,Aqmola,2020,19.6,53604.6,356539.9,2527.4,101.9
Zerendi,23631915.0,6279.0,4379.0,13500141.0,Aqmola,2021,19.6,61106.198824589716,342681.7,6451.9,109.5
Zerendi,31460622.0,89477.0,78682.0,18372996.0,Aqmola,2022,18.9,89920.051537519,362876.6,2184.1,105.3
Zerendi,33960771.0,41098.0,41098.0,25473908.0,Aqmola,2023,18.4,51326.3,414101.4,3657.7,104.8
Zerendi,0.0,0.0,0.0,14746621.0,Aqmola,2024,17.5,,,,
Zhaqsyn,2152768.0,29658.0,29658.0,350538.0,Aqmola,2014,12.0,20521.8,1991.6,105.3,104.5
Zhaqsyn,,,,,Aqmola,2015,11.2,24308.2,2241.0,97.3,108.6
Zhaqsyn,4923143.0,9613.0,0.0,959391.0,Aqmola,2016,11.4,27745.8,2918.2,81.1,109.7
Zhaqsyn,5550860.0,35472.0,15054.0,3139317.0,Aqmola,2017,11.0,30922.1,3223.5,86.2,102.8
Zhaqsyn,7965119.0,425650.0,348672.0,4576783.0,Aqmola,2018,10.9,30483.41342951182,2521.5,117.1,107.7
Zhaqsyn,7186828.0,245363.0,12452.0,2614614.0,Aqmola,2019,10.8,40516.4,2721.6,58.5,113.0
Zhaqsyn,7642848.0,105953.0,65063.0,995288.0,Aqmola,2020,10.3,45928.9,2801.9,77.1,101.9
Zhaqsyn,14298225.0,19190.0,0.0,6820994.0,Aqmola,2021,10.1,46609.06685381203,3486.0,185.3,109.5
Zhaqsyn,13168989.0,179.0,179.0,1753754.0,Aqmola,2022,8.7,81476.47571813352,2889.8,40.6,105.3
Zhaqsyn,11631970.0,60138.0,0.0,2014624.0,Aqmola,2023,8.4,44741.0,2684.0,235.4,104.8
Zhaqsyn,11133376.0,0.0,0.0,4296203.0,Aqmola,2024,8.3,,,,
Zharqain,3243157.0,98529.0,96464.0,1071602.0,Aqmola,2014,8.7,20002.0,1921.4,977.9,104.5
Zharqain,,,,,Aqmola,2015,8.1,22923.5,1973.7,1037.7,108.6
Zharqain,5687192.0,664220.0,203086.0,898093.0,Aqmola,2016,8.3,28124.6,2518.7,3943.2,109.7
Zharqain,6049435.0,1030630.0,540021.0,2175649.0,Aqmola,2017,7.9,26272.5,2495.3,4420.1,102.8
Zharqain,4216257.0,510669.0,469532.0,2089887.0,Aqmola,2018,7.9,28493.11321642445,2932.7,3235.7,107.7
Zharqain,5192002.0,49000.0,22328.0,2160152.0,Aqmola,2019,7.8,35134.3,3564.1,3067.9,113.0
Zharqain,4300624.0,156324.0,156324.0,1049283.0,Aqmola,2020,7.4,43677.2,3960.4,1487.2,101.9
Zharqain,7093497.0,44656.0,8000.0,2443418.0,Aqmola,2021,7.1,34586.4548524657,4234.2,1379.3,109.5
Zharqain,7303474.0,17824.0,17824.0,1255415.0,Aqmola,2022,7.2,89229.24098192748,3668.2,5169.5,105.3
Zharqain,9479457.0,2069699.0,2069699.0,1267990.0,Aqmola,2023,7.0,35983.4,4129.0,4849.2,104.8
Zharqain,10291425.0,881.0,881.0,6229375.0,Aqmola,2024,6.3,,,,
Aiteke_bi,5617788.0,37408.0,0.0,3156976.0,Aqtobe,2016,11.4,19792.6,2243.0,4717.5,113.1
Aiteke_bi,4690205.0,25072.0,2043.0,2952906.0,Aqtobe,2017,11.5,21608.9,2447.0,5126.6,118.0
Aiteke_bi,4671048.0,381908.0,381908.0,1909510.0,Aqtobe,2018,11.5,24059.8,5338.0,5900.6,102.2
Aiteke_bi,6226602.0,14690.0,14663.0,1689892.0,Aqtobe,2019,11.6,25794.9,8798.0,6281.1,107.1
Aiteke_bi,7629261.0,1327953.0,31124.0,1885386.0,Aqtobe,2020,11.5,35037.2,7802.0,7112.6,84.9
Aiteke_bi,11097792.0,1657254.0,15903.0,2164563.0,Aqtobe,2021,11.8,31876.4,16184.0,8777.0,149.3
Aiteke_bi,14595310.0,1203648.0,69731.0,1367603.0,Aqtobe,2022,9.8,43736.6,20918.296,9433.6,134.7
Aiteke_bi,18898792.0,596468.0,95268.0,1359204.0,Aqtobe,2023,10.7,29464.4,10521.0,10835.4,90.1
Aiteke_bi,10465594.0,1700047.0,828412.0,2254222.0,Aqtobe,2024,,,,,
Alga,11418509.0,24935.0,24935.0,8052175.0,Aqtobe,2016,18.1,19715.7,8413.0,3133.1,113.1
Alga,7146761.0,104342.0,104342.0,2530076.0,Aqtobe,2017,17.2,22186.9,10838.0,3411.9,118.0
Alga,7123212.0,9410.0,9410.0,1915110.0,Aqtobe,2018,18.4,25327.7,11779.0,5134.5,102.2
Alga,10521890.0,38716.0,0.0,2781118.0,Aqtobe,2019,17.7,28502.1,12580.0,5424.3,107.1
Alga,14432252.0,61700.0,61700.0,4489659.0,Aqtobe,2020,17.5,29994.2,13687.0,5828.9,84.9
Alga,14458017.0,0.0,0.0,5304393.0,Aqtobe,2021,17.6,25505.9,12431.0,4240.1,149.3
Alga,12579374.0,5669808.0,5658008.0,5808964.0,Aqtobe,2022,18.1,25419.3,8426.438,4704.4,134.7
Alga,23503851.0,6089189.0,6085433.0,7064181.0,Aqtobe,2023,18.0,21606.9,10793.0,5534.9,90.1
Alga,18758348.0,15662145.0,15662145.0,5494309.0,Aqtobe,2024,,,,,
Aqtobe_city,138841548.0,15108594.0,14145969.0,109642027.0,Aqtobe,2016,222.5,19609.3,373390.0,453070.3,113.1
Aqtobe_city,133063875.0,12997015.0,8643369.0,88113044.0,Aqtobe,2017,227.5,22200.0,527838.0,443660.5,118.0
Aqtobe_city,151433645.0,17156130.0,10841597.0,108454038.0,Aqtobe,2018,232.6,25501.1,588694.0,467925.6,102.2
Aqtobe_city,178652013.0,22091720.0,17817786.0,112323943.0,Aqtobe,2019,232.0,29122.4,580650.0,486014.2,107.1
Aqtobe_city,217895259.0,18257182.0,9573559.0,156368089.0,Aqtobe,2020,233.8,33577.7,564726.0,538176.9,84.9
Aqtobe_city,241482925.0,35396234.0,24016679.0,193596427.0,Aqtobe,2021,234.8,43046.6,835997.0,641776.4,149.3
Aqtobe_city,230742530.0,58604889.0,16294056.0,165989944.0,Aqtobe,2022,249.5,50691.2,1180779.76,593200.5,134.7
Aqtobe_city,352313861.0,8033089.0,5965749.0,285214839.0,Aqtobe,2023,255.7,47659.6,973334.0,543798.7,90.1
Aqtobe_city,283411146.0,14314297.0,9506717.0,192492766.0,Aqtobe,2024,,,,,
Baighanin,30103707.0,9800245.0,245675.0,6480404.0,Aqtobe,2016,10.7,9627.3,144775.0,1338.8,113.1
Baighanin,29112546.0,29134452.0,10704221.0,9270834.0,Aqtobe,2017,10.7,10073.2,161930.0,1536.3,118.0
Baighanin,55071869.0,42290759.0,10389857.0,22888634.0,Aqtobe,2018,10.8,11998.0,223626.0,3501.7,102.2
Baighanin,35063375.0,32138523.0,9975529.0,13621187.0,Aqtobe,2019,11.2,13913.4,214140.0,3717.0,107.1
Baighanin,79475023.0,29438651.0,16636036.0,61563018.0,Aqtobe,2020,11.6,16645.1,125983.0,4092.5,84.9
Baighanin,51480770.0,47659648.0,2783970.0,4722806.0,Aqtobe,2021,12.1,19645.6,169504.0,4427.1,149.3
Baighanin,53881049.0,34919094.0,1414915.0,3510918.0,Aqtobe,2022,11.8,21811.9,238847.945,3642.4,134.7
Baighanin,89912137.0,20797055.0,2599703.0,13402065.0,Aqtobe,2023,11.3,20045.1,211726.2,4083.8,90.1
Baighanin,31925466.0,13695262.0,902408.0,2592009.0,Aqtobe,2024,,,,,
Khromtau,18301182.0,20298158.0,274303.0,2674454.0,Aqtobe,2016,21.2,,228526.162,9837.900000000001,113.1
Khromtau,22918960.0,18580677.0,612532.0,4568548.0,Aqtobe,2017,21.1,,268451.414,8246.0,118.0
Khromtau,30547034.0,40245845.0,926033.0,2615758.0,Aqtobe,2018,21.6,,306876.587,11311.0,102.2
Khromtau,27729734.0,74955272.0,28938296.0,2533055.0,Aqtobe,2019,21.6,,311600.596,11738.7,107.1
Khromtau,65943098.0,41603068.0,6309036.0,7173371.0,Aqtobe,2020,20.8,,305922.89,17614.5,84.9
Khromtau,96129416.0,29321046.0,1046133.0,10747702.0,Aqtobe,2021,21.2,,477457.796,21712.5,149.3
Khromtau,113345194.0,22231962.0,2052152.0,5750223.0,Aqtobe,2022,22.7,,551342.24,26142.699999999997,134.7
Khromtau,167906055.0,28920364.0,3036932.0,18259410.0,Aqtobe,2023,21.3,,607335.962,30864.1,90.1
Khromtau,204236017.0,39631349.0,1336224.0,14345514.0,Aqtobe,2024,,,,,
Martok,4559449.0,42225.0,344.0,1331403.0,Aqtobe,2016,15.2,17320.3,3808.0,8174.8,113.1
Martok,4955147.0,23637.0,0.0,1843926.0,Aqtobe,2017,14.3,19160.9,2986.0,8601.1,118.0
Martok,6528764.0,13629.0,0.0,3301173.0,Aqtobe,2018,14.7,22306.4,4725.0,9647.2,102.2
Martok,7773350.0,44554.0,0.0,4135725.0,Aqtobe,2019,14.1,26372.8,6656.0,10877.7,107.1
Martok,10343519.0,1246921.0,0.0,5339287.0,Aqtobe,2020,14.7,33577.1,7345.0,11684.6,84.9
Martok,13379604.0,1819559.0,16776.0,4863922.0,Aqtobe,2021,14.8,39080.2,8155.0,9011.5,149.3
Martok,22278270.0,32811.0,0.0,4271995.0,Aqtobe,2022,14.2,51000.2,8537.472,10680.2,134.7
Martok,27733536.0,236574.0,0.0,4520284.0,Aqtobe,2023,14.3,32260.7,11247.0,12067.6,90.1
Martok,15110927.0,20290.0,0.0,3684577.0,Aqtobe,2024,,,,,
Mughalzhar,43948404.0,19018358.0,501051.0,14129721.0,Aqtobe,2016,34.4,15072.4,371558.0,7533.2,113.1
Mughalzhar,57752298.0,31467692.0,321586.0,18123282.0,Aqtobe,2017,34.8,16123.6,425045.0,8332.5,118.0
Mughalzhar,43038790.0,32439735.0,235735.0,3494078.0,Aqtobe,2018,35.3,19005.6,476948.0,8405.2,102.2
Mughalzhar,52645437.0,47930129.0,11682632.0,4825156.0,Aqtobe,2019,36.0,21919.0,454243.0,9841.0,107.1
Mughalzhar,38796939.0,26618845.0,6426180.0,9885264.0,Aqtobe,2020,35.7,25825.7,380322.9,13049.5,84.9
Mughalzhar,71442557.0,44551238.0,1353312.0,10604779.0,Aqtobe,2021,36.0,31627.1,460622.0,13157.2,149.3
Mughalzhar,122439604.0,28064153.0,3666217.0,8861681.0,Aqtobe,2022,35.3,36951.8,520453.442,15650.7,134.7
Mughalzhar,78482574.0,31991389.0,4871832.0,12824055.0,Aqtobe,2023,35.0,28973.7,449584.0,22006.7,90.1
Mughalzhar,100401221.0,41803428.0,12699336.0,59556649.0,Aqtobe,2024,,,,,
Oyil,1734036.0,1515748.0,0.0,1075717.0,Aqtobe,2016,9.4,8090.6,1790.0,1067.5,113.1
Oyil,1446846.0,1626384.0,65219.0,260002.0,Aqtobe,2017,8.6,8588.5,2848.0,1013.3,118.0
Oyil,1963790.0,1301418.0,123885.0,1021704.0,Aqtobe,2018,9.8,10228.5,1751.0,1180.7,102.2
Oyil,3066271.0,636348.0,174706.0,2311026.0,Aqtobe,2019,9.7,12163.8,994.0,1256.7,107.1
Oyil,4010869.0,375196.0,115589.0,1858331.0,Aqtobe,2020,9.7,14526.6,817.0,1326.3,84.9
Oyil,6041423.0,1699153.0,1499683.0,3713017.0,Aqtobe,2021,9.9,18049.5,1208.0,954.8,149.3
Oyil,3340216.0,1352834.0,0.0,1483326.0,Aqtobe,2022,7.9,21162.3,1289.382,1111.6,134.7
Oyil,6550525.0,288439.0,0.0,884833.0,Aqtobe,2023,8.2,19445.8,715.0,1249.8,90.1
Oyil,11195154.0,375410.0,0.0,1002610.0,Aqtobe,2024,,,,,
Qarghaly,2647045.0,82.0,82.0,845610.0,Aqtobe,2016,8.5,14666.2,2037.0,1257.8,113.1
Qarghaly,4037350.0,0.0,0.0,609348.0,Aqtobe,2017,8.5,16330.2,2460.0,1352.2,118.0
Qarghaly,5593307.0,6431.0,6431.0,2702057.0,Aqtobe,2018,8.1,18244.1,3727.0,2038.8,102.2
Qarghaly,5231332.0,1663104.0,1663104.0,1287794.0,Aqtobe,2019,8.5,23462.7,3526.0,2738.2,107.1
Qarghaly,7248159.0,4584168.0,4584168.0,1652370.0,Aqtobe,2020,7.9,28973.0,5980.4,3097.3,84.9
Qarghaly,6803295.0,25611250.0,25611250.0,2043784.0,Aqtobe,2021,8.3,34428.5,7920.0,2897.9,149.3
Qarghaly,35682945.0,2587137.0,2587137.0,1774375.0,Aqtobe,2022,7.2,47773.5,6313.356,3383.3,134.7
Qarghaly,41794631.0,0.0,0.0,1458795.0,Aqtobe,2023,7.9,35689.4,7446.0,3625.1,90.1
Qarghaly,12494416.0,1579.0,1579.0,4474228.0,Aqtobe,2024,,,,,
Qobda,3459597.0,325.0,325.0,1081843.0,Aqtobe,2016,10.6,13799.9,2567.0,3416.0,113.1
Qobda,3758211.0,0.0,0.0,1385987.0,Aqtobe,2017,10.2,14722.8,2661.0,3535.5,118.0
Qobda,4033083.0,0.0,0.0,1542089.0,Aqtobe,2018,9.3,17691.1,1469.0,5318.5,102.2
Qobda,4942737.0,85251.0,85251.0,534357.0,Aqtobe,2019,9.4,20793.0,2104.0,5716.4,107.1
Qobda,5936344.0,0.0,0.0,549414.0,Aqtobe,2020,9.0,24331.0,2310.1,6135.4,84.9
Qobda,6648845.0,0.0,0.0,1562043.0,Aqtobe,2021,9.2,30101.7,1516.0,8846.0,149.3
Qobda,7321995.0,0.0,0.0,1683935.0,Aqtobe,2022,7.6,35930.1,1522.083,8934.3,134.7
Qobda,9718771.0,0.0,0.0,724600.0,Aqtobe,2023,8.8,28422.9,2029.0,9514.8,90.1
Qobda,13756044.0,194031.0,194031.0,4847872.0,Aqtobe,2024,,,,,
Shalkar,29279087.0,7240437.0,6795124.0,20855957.0,Aqtobe,2016,22.1,10762.5,13008.0,4249.2,113.1
Shalkar,43781928.0,992953.0,95363.0,32612746.0,Aqtobe,2017,21.2,11977.4,17407.0,4174.1,118.0
Shalkar,20167115.0,5074892.0,3988025.0,17694657.0,Aqtobe,2018,21.4,14517.5,16863.0,5425.9,102.2
Shalkar,19528698.0,1271228.0,0.0,17279318.0,Aqtobe,2019,21.1,16648.6,16978.0,5990.2,107.1
Shalkar,20911609.0,1267950.0,0.0,15336801.0,Aqtobe,2020,21.0,19760.9,15834.0,,84.9
Shalkar,21411924.0,4412146.0,4479.0,17243579.0,Aqtobe,2021,21.4,23739.9,14318.0,8333.8,149.3
Shalkar,61296295.0,20197191.0,18317563.0,26883763.0,Aqtobe,2022,19.3,28045.9,21748.656,9833.7,134.7
Shalkar,26904657.0,18861172.0,7199552.0,22607431.0,Aqtobe,2023,20.5,25400.3,25726.0,11133.8,90.1
Shalkar,17553684.0,1884499.0,1843584.0,10611069.0,Aqtobe,2024,,,,,
Temir,5002192.0,4188965.0,12953.0,971365.0,Aqtobe,2016,17.4,12690.9,146308.0,558.5,113.1
Temir,15873333.0,11364705.0,5307.0,3163817.0,Aqtobe,2017,16.7,13659.5,178438.0,578.0,118.0
Temir,26689045.0,16733982.0,400282.0,6758235.0,Aqtobe,2018,17.0,16389.0,231239.0,638.924,102.2
Temir,29728895.0,32582085.0,7401303.0,1529188.0,Aqtobe,2019,16.6,18819.2,253397.0,671.8,107.1
Temir,23135444.0,21832963.0,1976218.0,1806847.0,Aqtobe,2020,16.2,22174.4,174004.6,706.7,84.9
Temir,49616410.0,28077281.0,2650134.0,11336347.0,Aqtobe,2021,16.2,26548.9,247788.0,685.5,149.3
Temir,68165291.0,31989870.0,3408323.0,1708276.0,Aqtobe,2022,15.2,30772.0,265780.85,686.9,134.7
Temir,22192625.0,32864460.0,1591251.0,4676339.0,Aqtobe,2023,16.4,22270.1,234110.0,687.5868999999999,90.1
Temir,28097768.0,13819615.0,202898.0,3923988.0,Aqtobe,2024,,,,,
Yrghyz,1465487.0,1430.0,1430.0,848529.0,Aqtobe,2016,7.0,8363.9,403.0,990.3,113.1
Yrghyz,2278199.0,82.0,82.0,932968.0,Aqtobe,2017,6.7,8883.5,567.0,1066.5,118.0
Yrghyz,3653331.0,0.0,0.0,1095404.0,Aqtobe,2018,7.2,10593.6,651.0,1275.0,102.2
Yrghyz,3707769.0,71165.0,71165.0,1795788.0,Aqtobe,2019,6.9,12366.7,751.0,1720.9,107.1
Yrghyz,4453883.0,11055.0,11055.0,1533088.0,Aqtobe,2020,6.9,14947.2,676.5,2411.3,84.9
Yrghyz,5421140.0,0.0,0.0,2319348.0,Aqtobe,2021,6.5,17778.7,594.0,3603.2,149.3
Yrghyz,6605763.0,0.0,0.0,2898755.0,Aqtobe,2022,6.2,21037.3,353.848,4608.8,134.7
Yrghyz,11171476.0,0.0,0.0,3619097.0,Aqtobe,2023,6.8,17378.2,518.0,4908.2,90.1
Yrghyz,10486291.0,145003.0,145003.0,3784664.0,Aqtobe,2024,,,,,
Alatau,67882858.0,2243243.0,,,Almaty-city,2014,,,57798.0,148.0,108.6
Alatau,99119106.0,902986.0,,,Almaty-city,2015,,,58493.0,173.1,108.8
Alatau,65812135.0,1411132.0,,,Almaty-city,2016,108.588,1028.3,72024.0,120.0,106.9
Alatau,56574397.0,3348217.0,,,Almaty-city,2017,118.651,2290.8,80516.0,"198,7",107.2
Alatau,81836001.0,4553715.0,4553715.0,43895959.0,Almaty-city,2018,127.609,3060.8,82285.0,"242,9",104.1
Alatau,92829588.0,9094588.0,9094588.0,58908496.0,Almaty-city,2019,137.611,3372.6,82963.0,259.3,100.6
Alatau,136193071.0,14271868.0,14271868.0,87746129.0,Almaty-city,2020,146.505,3927.4,153066.0,250.744501,105.4
Alatau,125713417.0,18461168.0,18461168.0,94741590.0,Almaty-city,2021,153.579,3947.9,319838.0,291.947888,111.9
Alatau,124346999.0,1489185.0,1489185.0,82587032.0,Almaty-city,2022,160.923,647.3259901033343,531133.323,403.268541,113.6
Alatau,183331837.0,3233739.0,3233739.0,154544214.0,Almaty-city,2023,173.2,583.6,686665.0,566.0,104.5
Alatau,342316245.0,17873947.0,17873947.0,296787303.0,Almaty-city,2024,180.0,2688.6,,,106.9
Almaly,63327488.0,14630326.0,,,Almaty-city,2014,,,177593.0,267.0,108.6
Almaly,49186265.0,12626985.0,,,Almaty-city,2015,,,139707.0,376.1,108.8
Almaly,62469412.0,17402417.0,,,Almaty-city,2016,105.977,162.6,135299.0,501.2,106.9
Almaly,86434783.0,16902564.0,,,Almaty-city,2017,105.713,159.8,164771.0,"595,9",107.2
Almaly,77287289.0,15254709.0,15254709.0,53160475.0,Almaty-city,2018,106.244,151.7,174712.0,681,104.1
Almaly,85051809.0,17896763.0,17896763.0,72236313.0,Almaty-city,2019,104.771,137.4,161575.0,752.2,100.6
Almaly,94054799.0,23021109.0,23021109.0,83513468.0,Almaty-city,2020,102.956,339.9,167823.0,698.702394,105.4
Almaly,128894248.0,24955234.0,24955234.0,96684274.0,Almaty-city,2021,104.313,383.4,179846.0,753.307509,111.9
Almaly,120131873.0,23518133.0,23518133.0,108394744.0,Almaty-city,2022,123.687,236.5977979650205,199116.594,720.144096,113.6
Almaly,339709904.0,26500132.0,26500132.0,312252822.0,Almaty-city,2023,127.1,271.0,214325.0,883.0,104.5
Almaly,249500158.0,29806461.0,29806461.0,230882720.0,Almaty-city,2024,131.6,259.1,,,106.9
Auezov,52040160.0,4198961.0,,,Almaty-city,2014,,,81428.0,188.4,108.6
Auezov,51367815.0,4459493.0,,,Almaty-city,2015,,,78484.0,236.0,108.8
Auezov,55082964.0,2660569.0,,,Almaty-city,2016,135.994,98.8,93774.0,292.8,106.9
Auezov,59450050.0,3463586.0,,,Almaty-city,2017,136.373,112.5,97488.0,"260,6",107.2
Auezov,64931824.0,2801160.0,2801160.0,38840360.0,Almaty-city,2018,136.639,106.1,103597.0,"293,3",104.1
Auezov,62497055.0,4126390.0,4126390.0,36833133.0,Almaty-city,2019,138.282,97.8,117729.0,313.3,100.6
Auezov,63269991.0,2102438.0,2102438.0,45420980.0,Almaty-city,2020,144.273,138.6,108058.0,435.820219,105.4
Auezov,76487756.0,9246884.0,9246884.0,54633452.0,Almaty-city,2021,145.39,158.1,119953.0,480.314931,111.9
Auezov,95719291.0,5309707.0,5309707.0,76576627.0,Almaty-city,2022,157.919,170.28351227220807,110288.13,648.917828,113.6
Auezov,95259366.0,6383176.0,6383176.0,78890112.0,Almaty-city,2023,162.6,189.7,113587.0,595.0,104.5
Auezov,117201109.0,2654747.0,2654747.0,105736933.0,Almaty-city,2024,164.4,198.4,,,106.9
Bostandyq,99621172.0,20702397.0,,,Almaty-city,2014,,,69567.0,190.7,108.6
Bostandyq,107443711.0,15833801.0,,,Almaty-city,2015,,,67158.0,230.3,108.8
Bostandyq,111288696.0,24185384.0,,,Almaty-city,2016,175.153,243.4,85958.0,412.2,106.9
Bostandyq,131400584.0,26086371.0,,,Almaty-city,2017,176.795,276.3,79128.0,"380,6",107.2
Bostandyq,149434154.0,35737524.0,35737524.0,125041455.0,Almaty-city,2018,181.426,293.4,75067.0,425,104.1
Bostandyq,159852932.0,44205541.0,44205541.0,149209588.0,Almaty-city,2019,185.598,337.9,85340.0,458.5,100.6
Bostandyq,181998032.0,39711131.0,39706396.0,159248959.0,Almaty-city,2020,187.913,276.0,77117.0,445.278094,105.4
Bostandyq,231850293.0,52808161.0,52808161.0,203380323.0,Almaty-city,2021,193.601,242.3,81877.0,604.339752,111.9
Bostandyq,321533479.0,65416909.0,65416909.0,283823979.0,Almaty-city,2022,154.945,264.1898460924823,94214.425,787.79991,113.6
Bostandyq,338310652.0,51906086.0,51906086.0,306267648.0,Almaty-city,2023,164.2,221.7,105327.0,1347.1,104.5
Bostandyq,366325868.0,62253611.0,62253611.0,334022739.0,Almaty-city,2024,169.8,207.1,,,106.9
Medeu,78868502.0,24476107.0,,,Almaty-city,2014,,,96634.0,269.0,108.6
Medeu,94514024.0,14416730.0,,,Almaty-city,2015,,,81056.0,329.1,108.8
Medeu,98576707.0,15522613.0,,,Almaty-city,2016,107.951,1133.8,111310.0,315.1,106.9
Medeu,98937936.0,25028328.0,,,Almaty-city,2017,110.572,1188.5,132437.0,"325,3",107.2
Medeu,130049430.0,31896670.0,31896670.0,107097498.0,Almaty-city,2018,111.403,1258.8,112883.0,"362,8",104.1
Medeu,141963544.0,40920533.0,40920533.0,127485882.0,Almaty-city,2019,112.564,1090.1,119612.0,486.8,100.6
Medeu,141100639.0,26489189.0,26489189.0,125858280.0,Almaty-city,2020,113.901,1293.4,105270.0,443.716982,105.4
Medeu,171199557.0,32062218.0,32062218.0,149316633.0,Almaty-city,2021,115.246,1382.4,110515.0,486.243614,111.9
Medeu,193681328.0,43206775.0,43206775.0,182854560.0,Almaty-city,2022,119.116,1517.6354973048956,147888.826,731.891218,113.6
Medeu,292810636.0,67657174.0,67657174.0,284522636.0,Almaty-city,2023,124.5,1558.5,159742.0,1449.5,104.5
Medeu,213096634.0,71343200.0,71343200.0,193141098.0,Almaty-city,2024,126.6,1611.5,,,106.9
Nauryzbay,7908917.0,3316.0,,,Almaty-city,2014,,,2500.0,0.2,108.6
Nauryzbay,5004054.0,297701.0,,,Almaty-city,2015,,,3691.0,0.2,108.8
Nauryzbay,22094253.0,286633.0,,,Almaty-city,2016,47.488,610.9,2771.0,5.6,106.9
Nauryzbay,29024958.0,535262.0,,,Almaty-city,2017,52.588,697.6,4425.0,"11,6",107.2
Nauryzbay,39308419.0,1500134.0,1500134.0,31902255.0,Almaty-city,2018,58.233,739.6,4541.0,"15,8",104.1
Nauryzbay,40754051.0,4888165.0,4888165.0,33782314.0,Almaty-city,2019,63.818,784.2,5750.0,25.4,100.6
Nauryzbay,117848919.0,419663.0,419663.0,52451557.0,Almaty-city,2020,66.647,669.3,6698.0,16.651234,105.4
Nauryzbay,124028453.0,2848641.0,2848641.0,86373158.0,Almaty-city,2021,70.037,669.1,7467.0,17.016829,111.9
Nauryzbay,132851547.0,501437.0,501437.0,95855370.0,Almaty-city,2022,73.417,803.8387491557401,13543.33,118.502886,113.6
Nauryzbay,127085584.0,15035128.0,15035128.0,101581770.0,Almaty-city,2023,82.7,737.9,16072.0,54.3,104.5
Nauryzbay,170206701.0,2543118.0,2543118.0,116950164.0,Almaty-city,2024,92.3,815.8,,,106.9
Turksib,38837692.0,6751773.0,,,Almaty-city,2014,,,96738.0,178.1,108.6
Turksib,41694688.0,3572115.0,,,Almaty-city,2015,,,90444.0,114.9,108.8
Turksib,46168138.0,7484591.0,,,Almaty-city,2016,107.399,574.4,112321.0,173.7,106.9
Turksib,49129735.0,9470853.0,,,Almaty-city,2017,109.51,625.4,148534.0,"222,8",107.2
Turksib,39025124.0,12339123.0,12339123.0,30615001.0,Almaty-city,2018,110.491,588.1,165896.0,"281,6",104.1
Turksib,48620446.0,19493366.0,19493366.0,37752047.0,Almaty-city,2019,112.569,577.2,201882.0,300.8,100.6
Turksib,64555558.0,16931545.0,16931545.0,48771614.0,Almaty-city,2020,113.822,633.9,222036.0,315.503018,105.4
Turksib,92238555.0,25882158.0,25882158.0,55929948.0,Almaty-city,2021,116.131,637.6,289077.0,413.851454,111.9
Turksib,168121252.0,21030377.0,21030377.0,109414802.0,Almaty-city,2022,114.714,768.5666776776064,351680.605,653.143315,113.6
Turksib,98510990.0,54138754.0,54138754.0,72747349.0,Almaty-city,2023,115.7,816.3,423984.0,552.7,104.5
Turksib,164160914.0,53781169.0,53781169.0,145595431.0,Almaty-city,2024,121.5,863.0,,,106.9
Zhetysu,24994713.0,4240792.0,,,Almaty-city,2014,,,156689.0,399.9,108.6
Zhetysu,27880190.0,4376237.0,,,Almaty-city,2015,,,143948.0,326.9,108.8
Zhetysu,44763652.0,6199409.0,,,Almaty-city,2016,79.348,390.0,163340.0,373.1,106.9
Zhetysu,37380528.0,6754723.0,,,Almaty-city,2017,79.404,389.2,195238.0,"463,0",107.2
Zhetysu,38536586.0,7069004.0,7069004.0,29058169.0,Almaty-city,2018,79.878,396.0,198904.0,"549,3",104.1
Zhetysu,36770110.0,12008759.0,12008759.0,30052169.0,Almaty-city,2019,81.331,402.1,226336.0,786.4,100.6
Zhetysu,41089088.0,8166843.0,8166843.0,33584355.0,Almaty-city,2020,83.292,533.5,241574.0,825.262645,105.4
Zhetysu,60210191.0,8852288.0,8852288.0,50765615.0,Almaty-city,2021,84.477,638.8,272916.0,997.470933,111.9
Zhetysu,64277226.0,19425879.0,19425879.0,51099186.0,Almaty-city,2022,93.242,654.789267126239,313820.167,1119.949847,113.6
Zhetysu,85565861.0,17744313.0,17744313.0,71935568.0,Almaty-city,2023,95.5,674.9,373765.0,853.6,104.5
Zhetysu,103191108.0,20970208.0,20970208.0,84390763.0,Almaty-city,2024,96.9,878.0,,,106.9
Alakol,18247465.0,639604.0,639604.0,12909596.0,Almaty,2016,35.1,,,,111.4
Alakol,18418405.0,290360.0,290360.0,10291564.0,Almaty,2017,35.1,,,,104.6
Alakol,22297063.0,325454.0,325454.0,15167645.0,Almaty,2018,35.0,,,,107.2
Alakol,27590611.0,1432693.0,1432693.0,19419976.0,Almaty,2019,34.2,,,,105.9
Alakol,41368484.0,397305.0,397305.0,22295759.0,Almaty,2020,33.3,,,,105.4
Alakol,50444013.0,85280.0,85280.0,20576232.0,Almaty,2021,31.9,,,,107.5
Alakol,58063906.0,9662630.0,9662630.0,30077229.0,Almaty,2022,34664.0,9251.6,69455.3,17360.9,115.0
Alakol,94289064.0,2411231.0,2411231.0,71707244.0,Almaty,2023,36171.0,13262.2,67325.6,24140.2,
Alakol,142529044.0,1211924.0,1211924.0,129682005.0,Almaty,2024,,14334.118,63116.318,25521.9,
Aqsu,1960440.0,21135.0,21135.0,338507.0,Almaty,2016,18.9,,,,111.4
Aqsu,3776354.0,13403.0,544.0,1379173.0,Almaty,2017,18.9,,,,104.6
Aqsu,9926249.0,2228.0,2228.0,1261975.0,Almaty,2018,18.1,,,,107.2
Aqsu,12974898.0,115616.0,115616.0,7185253.0,Almaty,2019,18.1,,,,105.9
Aqsu,14688817.0,1169390.0,1169390.0,7579270.0,Almaty,2020,17.4,,,,105.4
Aqsu,12971261.0,1487101.0,1487101.0,6331185.0,Almaty,2021,17.2,,,,107.5
Aqsu,9941533.0,692958.0,692958.0,2738081.0,Almaty,2022,17503.0,3184.1,53421.3,8831.3,115.0
Aqsu,19454961.0,424565.0,424565.0,9765518.0,Almaty,2023,16012.0,5946.3,58050.8,2493.6,
Aqsu,55066265.0,0.0,0.0,37467604.0,Almaty,2024,,6672.018,42565.318,2628.7,
Balqash,1641387.0,210000.0,210000.0,1029359.0,Almaty,2016,14.7,1112.4,19789.5,1721.1,111.4
Balqash,2787255.0,0.0,0.0,499148.0,Almaty,2017,14.6,1349.1,19966.8,1904.7,104.6
Balqash,4958819.0,1263.0,1263.0,582839.0,Almaty,2018,14.4,2380.9,24703.0,2073.8,107.2
Balqash,6881009.0,245394.0,245394.0,695574.0,Almaty,2019,14.5,2558.7,24401.88976877082,2302.3,105.9
Balqash,8127963.0,509288.0,509288.0,975987.0,Almaty,2020,14.1,2695.7,27356.1,2112.9,105.4
Balqash,9589569.0,206933.0,206933.0,2324786.0,Almaty,2021,13.9,3089.7,28022.1,2229.8,107.5
Balqash,4999027.0,199473.0,199473.0,1030826.0,Almaty,2022,14.2,2652.5,42727.3,2528.0,115.0
Balqash,5492615.0,100995.0,100995.0,625348.0,Almaty,2023,13.5,2867.3,39321.934673639575,5895.6,
Balqash,8159343.0,853320.0,261820.0,2814947.0,Almaty,2024,,,,,
Enbekshiqazaq,39068086.0,10628382.0,10620166.0,27886775.0,Almaty,2016,157.9,32251.9,82429.2,26910.5,111.4
Enbekshiqazaq,25856708.0,10602207.0,10503500.0,11577444.0,Almaty,2017,156.3,32843.1,106437.8,31186.44,104.6
Enbekshiqazaq,28786331.0,10213131.0,10211201.0,12781019.0,Almaty,2018,157.9,38313.7,108205.7,34338.1,107.2
Enbekshiqazaq,31711997.0,6644207.0,5901977.0,18974664.0,Almaty,2019,152.2,44020.1,152316.23236675805,43001.7,105.9
Enbekshiqazaq,27701931.0,16573823.0,15187596.0,9177516.0,Almaty,2020,147.9,47631.9,146549.2,49714.8,105.4
Enbekshiqazaq,48235003.0,7453392.0,5473693.0,29757975.0,Almaty,2021,147.2,59157.5,185512.7,53409.9,107.5
Enbekshiqazaq,43358277.0,18964617.0,18094367.0,15554783.0,Almaty,2022,132.2,75324.5,193797.4,63145.6,115.0
Enbekshiqazaq,37514523.0,46350251.0,1113241.0,16732175.0,Almaty,2023,131.9,88462.4,195779.9412897492,83071.6,
Enbekshiqazaq,84674629.0,22535608.0,1308255.0,41094765.0,Almaty,2024,,,,,
Ile,40480728.0,12888533.0,12888533.0,26646602.0,Almaty,2016,94.2,227541.7,66093.9,48218.2,111.4
Ile,48315627.0,12920432.0,12920432.0,29849160.0,Almaty,2017,93.2,267603.2,68792.4,63639.2,104.6
Ile,51221282.0,18208059.0,18184560.0,39424357.0,Almaty,2018,94.5,310391.4,77852.9,68924.7,107.2
Ile,57268505.0,22816271.0,18637339.0,45889755.0,Almaty,2019,95.6,323504.0,78623.59178518789,75497.1,105.9
Ile,84206005.0,15635421.0,15615125.0,58279021.0,Almaty,2020,98.3,482686.5,89322.3,80413.3,105.4
Ile,98776585.0,28199828.0,28196488.0,79606589.0,Almaty,2021,99.9,537141.9,94182.9,86168.0,107.5
Ile,91619415.0,73309998.0,73276355.0,68232032.0,Almaty,2022,123.5,712553.7,108355.9,100200.5,115.0
Ile,128824254.0,50812447.0,50812448.0,101906124.0,Almaty,2023,125.2,717105.0,125078.50102749979,106412.0,
Ile,173480349.0,77980698.0,77980698.0,142128687.0,Almaty,2024,,,,,
Kerbulaq,5336029.0,148593.0,2087.0,556619.0,Almaty,2016,24.2,,,,111.4
Kerbulaq,4529505.0,697693.0,654985.0,1520236.0,Almaty,2017,23.9,,,,104.6
Kerbulaq,7743202.0,1889207.0,1461389.0,1281436.0,Almaty,2018,23.4,,,,107.2
Kerbulaq,7500610.0,37205487.0,35386810.0,1964403.0,Almaty,2019,23.1,,,,105.9
Kerbulaq,7590837.0,5668753.0,4708377.0,2590692.0,Almaty,2020,22.0,,,,105.4
Kerbulaq,10110615.0,4068778.0,2634377.0,5348345.0,Almaty,2021,21.5,,,,107.5
Kerbulaq,12669965.0,6267638.0,2384749.0,3534797.0,Almaty,2022,20490.0,33026.0,60853.5,6185.5,115.0
Kerbulaq,22380166.0,7655491.0,873646.0,3899083.0,Almaty,2023,16852.0,32374.9,65115.7,11335.0,
Kerbulaq,25270489.0,7877318.0,258290.0,9435235.0,Almaty,2024,,35857.718,49751.418,11964.9,
Koksu,14188760.0,2034.0,2034.0,5048754.0,Almaty,2016,21.6,,,,111.4
Koksu,17870602.0,10028.0,10028.0,14929769.0,Almaty,2017,21.0,,,,104.6
Koksu,7641661.0,162045.0,162045.0,6549525.0,Almaty,2018,20.9,,,,107.2
Koksu,7069002.0,1694704.0,1694704.0,3513467.0,Almaty,2019,20.2,,,,105.9
Koksu,7718966.0,13869.0,13869.0,1947991.0,Almaty,2020,19.5,,,,105.4
Koksu,4841476.0,78379.0,78379.0,1705670.0,Almaty,2021,19.7,,,,107.5
Koksu,8571795.0,208996.0,208996.0,2669661.0,Almaty,2022,19672.0,34813.4,43561.2,8356.3,115.0
Koksu,9867835.0,247052.0,247052.0,4003819.0,Almaty,2023,15706.0,36477.0,43634.0,7504.3,
Koksu,17005974.0,2652972.0,2652972.0,6103375.0,Almaty,2024,,33525.818,39567.818,7919.3,
Panfilov,76780970.0,1127195.0,1070570.0,62327049.0,Almaty,2016,61.5,,,,111.4
Panfilov,50249467.0,7426440.0,7426440.0,35666126.0,Almaty,2017,61.5,,,,104.6
Panfilov,54343108.0,7576501.0,7576501.0,47252383.0,Almaty,2018,61.3,,,,107.2
Panfilov,25164844.0,14004071.0,14003627.0,15890263.0,Almaty,2019,61.2,,,,105.9
Panfilov,24680376.0,658635.0,658635.0,7177428.0,Almaty,2020,58.4,,,,105.4
Panfilov,25659002.0,3753443.0,3753443.0,7872183.0,Almaty,2021,59.2,,,,107.5
Panfilov,29451649.0,188278.0,188278.0,11413642.0,Almaty,2022,57865.0,27471.0,70846.3,24264.1,115.0
Panfilov,40114707.0,7299117.0,7299117.0,19910945.0,Almaty,2023,54768.0,31034.2,69943.5,26406.2,
Panfilov,51860855.0,4521478.0,4521478.0,28274841.0,Almaty,2024,,28689.218,58296.318,68821.1,
Qarasay,100338749.0,2900100.0,2900100.0,88262898.0,Almaty,2016,113.4,192075.6,45547.0,64322.4,111.4
Qarasay,102962885.0,9070690.0,9070690.0,84255170.0,Almaty,2017,120.4,220644.0,44288.3,71569.2,104.6
Qarasay,100120973.0,18488388.0,18211717.0,69942315.0,Almaty,2018,125.8,243076.2,52405.5,91653.6,107.2
Qarasay,113033933.0,10963387.0,10963387.0,87353871.0,Almaty,2019,128.1,296845.1,58231.733772255335,122235.5,105.9
Qarasay,115909518.0,19394703.0,19358858.0,80652540.0,Almaty,2020,129.0,337351.7,67544.8,114558.3,105.4
Qarasay,127274564.0,18527673.0,18527673.0,79765425.0,Almaty,2021,130.0,412666.8,77794.6,114906.6,107.5
Qarasay,126795500.0,36679654.0,36679654.0,75224414.0,Almaty,2022,144.9,542615.5,92342.8,142366.5,115.0
Qarasay,143221056.0,11014838.0,11014838.0,91748389.0,Almaty,2023,150.7,576074.1,94670.20693505653,207244.6,
Qarasay,172344338.0,51895433.0,51895433.0,111379415.0,Almaty,2024,,,,,
Qaratal,5535715.0,3019.0,3019.0,2070012.0,Almaty,2016,24.2,,,,111.4
Qaratal,6586428.0,51126.0,51126.0,4607305.0,Almaty,2017,23.8,,,,104.6
Qaratal,8148798.0,41292.0,41292.0,3056133.0,Almaty,2018,22.9,,,,107.2
Qaratal,7572420.0,1115179.0,902603.0,3160617.0,Almaty,2019,23.0,,,,105.9
Qaratal,8449443.0,437989.0,437989.0,1642322.0,Almaty,2020,22.6,,,,105.4
Qaratal,7398682.0,843917.0,843917.0,2882649.0,Almaty,2021,21.1,,,,107.5
Qaratal,10078265.0,205566.0,83363.0,3407623.0,Almaty,2022,18231.0,5491.6,46923.5,5668.7,115.0
Qaratal,23140636.0,0.0,0.0,9390642.0,Almaty,2023,18128.0,5554.5,42383.4,13390.9,
Qaratal,0.0,0.0,0.0,6509598.0,Almaty,2024,,4419.718,30578.218,14115.1,
Qonayev_city,20258769.0,2539282.0,2526031.0,6433220.0,Almaty,2016,31.6,51279.1,13279.0,25691.6,111.4
Qonayev_city,17225500.0,7212846.0,7203846.0,10195030.0,Almaty,2017,31.1,58048.8,10052.9,27978.1,104.6
Qonayev_city,13904324.0,15251528.0,15251528.0,10765110.0,Almaty,2018,31.7,15703.8,14040.8,30105.5,107.2
Qonayev_city,13587573.0,20825309.0,20825309.0,10245222.0,Almaty,2019,31.1,78339.1,23446.44114714109,30054.1,105.9
Qonayev_city,25049920.0,14004623.0,14004623.0,20126417.0,Almaty,2020,29.3,86007.6,21488.0,34225.2,105.4
Qonayev_city,44005950.0,4894646.0,4894646.0,36659299.0,Almaty,2021,28.5,119503.8,21668.0,33439.9,107.5
Qonayev_city,56062502.0,2939366.0,2939366.0,25123315.0,Almaty,2022,35.2,140664.9,24237.4,38793.3,115.0
Qonayev_city,63327975.0,25367130.0,4402922.0,26802983.0,Almaty,2023,34.9,136647.9,70929.84481267293,31694.6,
Qonayev_city,93057803.0,10084146.0,10077094.0,54913565.0,Almaty,2024,,,,,
Rayimbek,5735603.0,1755.0,1755.0,1835330.0,Almaty,2016,41.7,18260.3,37783.6,2484.4,111.4
Rayimbek,4634847.0,350120.0,1308.0,570159.0,Almaty,2017,38.4,24049.6,42105.0,2816.5,104.6
Rayimbek,6637205.0,213059.0,2670.0,978453.0,Almaty,2018,37.8,14858.2,48036.6,3394.3,107.2
Rayimbek,10280839.0,95227.0,83727.0,802002.0,Almaty,2019,34.8,14160.199999999999,58329.14728240171,4621.9,105.9
Rayimbek,14312491.0,472164.0,472164.0,1869982.0,Almaty,2020,34.0,22735.6,70443.9,4603.4,105.4
Rayimbek,10934896.0,63544.0,63544.0,2062612.0,Almaty,2021,32.6,24078.399999999998,73142.4,4079.1,107.5
Rayimbek,15928105.0,1135.0,1135.0,1655187.0,Almaty,2022,26.5,23908.399999999998,93121.4,5580.4,115.0
Rayimbek,17505133.0,0.0,0.0,2293918.0,Almaty,2023,24.8,24427.899999999998,87829.61130790439,6735.900000000001,
Rayimbek,22816202.0,0.0,0.0,8753487.0,Almaty,2024,,,,,
Sarqan,4333272.0,191737.0,189782.0,1875058.0,Almaty,2016,20.3,,,,111.4
Sarqan,4948873.0,36027.0,15448.0,1619433.0,Almaty,2017,19.1,,,,104.6
Sarqan,6804377.0,349363.0,324607.0,1414368.0,Almaty,2018,18.5,,,,107.2
Sarqan,8547421.0,19024.0,19024.0,3970575.0,Almaty,2019,17.4,,,,105.9
Sarqan,10781281.0,153544.0,149119.0,6406382.0,Almaty,2020,16.5,,,,105.4
Sarqan,11116529.0,2454345.0,2454345.0,4937215.0,Almaty,2021,15.7,,,,107.5
Sarqan,8036384.0,21881313.0,21881313.0,2271512.0,Almaty,2022,18751.0,10665.5,69664.3,6159.2,115.0
Sarqan,37199085.0,0.0,0.0,24341255.0,Almaty,2023,23037.0,12001.9,67924.7,7973.9,
Sarqan,0.0,0.0,101950.0,60543014.0,Almaty,2024,,11771.118,47752.318,8412.0,
Taldyqorgan_city,62423894.0,376759.0,376759.0,30557091.0,Almaty,2016,85.3,,,,111.4
Taldyqorgan_city,56964138.0,646784.0,646784.0,29478527.0,Almaty,2017,86.3,,,,104.6
Taldyqorgan_city,59198415.0,1425185.0,1425185.0,29949789.0,Almaty,2018,86.8,,,,107.2
Taldyqorgan_city,65339638.0,1102849.0,1102849.0,39400389.0,Almaty,2019,88.5,,,,105.9
Taldyqorgan_city,76988848.0,1971625.0,1971625.0,30578033.0,Almaty,2020,86.3,,,,105.4
Taldyqorgan_city,52421262.0,1502649.0,1502649.0,27083701.0,Almaty,2021,88.5,,,,107.5
Taldyqorgan_city,70810660.0,2321064.0,2321064.0,38409451.0,Almaty,2022,91935.0,125703.0,25868.4,111957.2,115.0
Taldyqorgan_city,59893433.0,1895773.0,1895773.0,30841240.0,Almaty,2023,92184.0,139586.1,28315.5,121794.0,
Taldyqorgan_city,60379078.0,13135408.0,13135408.0,36427229.0,Almaty,2024,,166554.818,31986.418,137325.6,
Talgar,51481108.0,658398.0,373436.0,41703453.0,Almaty,2016,93.2,27464.1,42580.3,28663.3,111.4
Talgar,55879072.0,3993512.0,3443492.0,44498962.0,Almaty,2017,93.8,34234.0,44616.1,33172.0,104.6
Talgar,62221098.0,1541576.0,1541576.0,50637848.0,Almaty,2018,94.0,42403.7,50816.5,38267.5,107.2
Talgar,66166054.0,1418435.0,1295702.0,51150480.0,Almaty,2019,97.2,55035.8,59100.81873829462,49489.3,105.9
Talgar,69058272.0,7577480.0,7577480.0,53731368.0,Almaty,2020,96.6,48721.9,62559.2,50021.3,105.4
Talgar,66311459.0,16091082.0,16090916.0,58453035.0,Almaty,2021,97.9,65181.5,74280.6,85881.6,107.5
Talgar,56420361.0,23209844.0,23209844.0,42649598.0,Almaty,2022,113.1,81127.6,80222.7,129253.3,115.0
Talgar,72248505.0,35433334.0,35244629.0,56186991.0,Almaty,2023,117.1,88117.1,69611.34056931928,146105.8,
Talgar,105091760.0,19530203.0,19530203.0,79502676.0,Almaty,2024,,,,,
Tekeli_city,5152774.0,56235.0,56235.0,3584210.0,Almaty,2016,16.6,,,,111.4
Tekeli_city,5002220.0,293977.0,293977.0,3722371.0,Almaty,2017,17.6,,,,104.6
Tekeli_city,6450833.0,126265.0,126265.0,4958280.0,Almaty,2018,17.7,,,,107.2
Tekeli_city,5188744.0,987100.0,987100.0,3884320.0,Almaty,2019,17.5,,,,105.9
Tekeli_city,4198870.0,59698.0,59698.0,2051903.0,Almaty,2020,17.2,,,,105.4
Tekeli_city,6911855.0,638864.0,638864.0,4459028.0,Almaty,2021,17.2,,,,107.5
Tekeli_city,9427172.0,85782.0,85782.0,5938882.0,Almaty,2022,14961.0,29201.3,5460.2,8447.9,115.0
Tekeli_city,11566186.0,1610893.0,1610893.0,4913543.0,Almaty,2023,13497.0,36590.9,9566.4,8914.7,
Tekeli_city,13775228.0,1186755.0,1186755.0,7075261.0,Almaty,2024,,29958.418,11489.518,9405.7,
Uyghur,7924602.0,10187594.0,10187594.0,7108176.0,Almaty,2016,32.2,2671.5,22547.3,6101.8,111.4
Uyghur,14608336.0,3288197.0,2446415.0,8383359.0,Almaty,2017,31.1,3038.4,20912.6,7387.0,104.6
Uyghur,10107745.0,429056.0,424434.0,4353454.0,Almaty,2018,30.6,2273.8,26042.7,8244.6,107.2
Uyghur,9567413.0,1934865.0,1801490.0,1566910.0,Almaty,2019,30.0,5195.1,31346.98811023083,12845.1,105.9
Uyghur,13678808.0,541927.0,541927.0,1189295.0,Almaty,2020,28.9,4249.0,41313.0,7841.2,105.4
Uyghur,12915203.0,9058.0,9058.0,1880931.0,Almaty,2021,28.8,12159.6,46215.6,8454.8,107.5
Uyghur,20722730.0,161183.0,161183.0,1435674.0,Almaty,2022,29.5,17898.0,58185.2,9960.9,115.0
Uyghur,19826329.0,2930470.0,2076389.0,2475570.0,Almaty,2023,28.2,24518.6,53775.88049494738,11277.9,
Uyghur,14859311.0,10419128.0,2744199.0,4466472.0,Almaty,2024,,,,,
Yeskeldi,4026292.0,360630.0,360630.0,2245158.0,Almaty,2016,23.8,,,,111.4
Yeskeldi,5601047.0,1248002.0,1248002.0,3395456.0,Almaty,2017,23.6,,,,104.6
Yeskeldi,7700393.0,313188.0,6988.0,3889784.0,Almaty,2018,23.0,,,,107.2
Yeskeldi,11596445.0,245724.0,183224.0,5909336.0,Almaty,2019,22.1,,,,105.9
Yeskeldi,16223552.0,66590.0,66590.0,9676349.0,Almaty,2020,21.4,,,,105.4
Yeskeldi,11002170.0,3525.0,3525.0,6974789.0,Almaty,2021,21.0,,,,107.5
Yeskeldi,10538075.0,570053.0,46773.0,6054910.0,Almaty,2022,25642.0,6411.8,54827.5,3313.4,115.0
Yeskeldi,17226455.0,22425.0,22425.0,12810373.0,Almaty,2023,22897.0,7300.7,56125.8,5331.8,
Yeskeldi,34024491.0,256899.0,256899.0,25151215.0,Almaty,2024,,8920.518,60125.618,5632.7,
Zhambyl,19283579.0,1717317.0,1717317.0,3676658.0,Almaty,2016,75.0,14680.9,36569.5,11475.1,111.4
Zhambyl,22384963.0,591083.0,591083.0,14671288.0,Almaty,2017,78.4,14054.3,35918.7,12704.0,104.6
Zhambyl,29147139.0,422654.0,418154.0,18988962.0,Almaty,2018,79.9,17181.1,49831.1,14618.9,107.2
Zhambyl,23716809.0,7615173.0,6715173.0,10918801.0,Almaty,2019,81.9,19918.8,44312.40223966908,15851.6,105.9
Zhambyl,20079790.0,4594545.0,1294715.0,9991101.0,Almaty,2020,81.3,20051.6,63252.2,15585.7,105.4
Zhambyl,21363798.0,5167718.0,4683327.0,12520896.0,Almaty,2021,81.1,22136.3,65931.7,16729.2,107.5
Zhambyl,31782899.0,5970398.0,5970398.0,10750287.0,Almaty,2022,78.1,23505.1,80803.2,16163.1,115.0
Zhambyl,30223976.0,15128599.0,15128599.0,15104859.0,Almaty,2023,78.4,21456.4,80627.02594324008,23717.5,
Zhambyl,53175462.0,59797102.0,59797102.0,23714834.0,Almaty,2024,,,,,
Almaty,140584191.0,11223734.0,0.0,0.0,Astana-city,2014,195.522,2009.8,209768.7,338821.4,106.4
Almaty,167342610.0,15633540.0,0.0,166241228.0,Astana-city,2015,206.316,1344.9,260820.5,345429.6,98.6
Almaty,168845711.0,13696825.0,13696826.0,145196687.0,Astana-city,2016,201.143,716.8,339764.1,474647.2,106.5
Almaty,131567660.0,12074169.0,12074169.0,122643236.0,Astana-city,2017,213.764,865.6,447263.7,526917.7,111.5
Almaty,128851836.0,8531136.0,8531137.0,117773627.0,Astana-city,2018,148.682,605.3,409551.7,399413.0,109.4
Almaty,97991520.0,14734002.0,14734002.0,87823511.0,Astana-city,2019,142.205,516.6,600723.0,324509.8,101.0
Almaty,155279227.0,9999262.0,9999262.0,127882002.0,Astana-city,2020,136.324,184.3,874496.2,325582.2,102.8
Almaty,133540907.0,15999691.0,15999691.0,111984621.0,Astana-city,2021,136.959,219.9,1147647.5,470836.6,111.5
Almaty,193432117.0,7667729.0,7667729.0,130574153.0,Astana-city,2022,157.614,246.9,1456233.7,421563.1,103.1
Almaty,222851056.0,14502304.0,14502304.0,111256609.0,Astana-city,2023,170.0,230.94748285778434,1399140.2,436787.9,97.7
Almaty,169091523.0,15116409.0,15116409.0,112539960.0,Astana-city,2024,,,,,105.3
Baiqonyr,,,,,Astana-city,2014,0.0,,,,106.4
Baiqonyr,,,,,Astana-city,2015,0.0,,,,98.6
Baiqonyr,,,,,Astana-city,2016,0.0,,,,106.5
Baiqonyr,,,,,Astana-city,2017,0.0,,,,111.5
Baiqonyr,30334203.0,1676122.0,1676122.0,27521644.0,Astana-city,2018,102.242,224.1,154611.2,201773.0,109.4
Baiqonyr,63260761.0,2963763.0,2963763.0,57180138.0,Astana-city,2019,124.096,119.5,164573.2,270853.2,101.0
Baiqonyr,65809791.0,5462793.0,5462793.0,55822026.0,Astana-city,2020,118.005,162.4,167971.5,382923.0,102.8
Baiqonyr,125906015.0,3243924.0,3243924.0,114628948.0,Astana-city,2021,118.365,63.4,224371.7,376875.5,111.5
Baiqonyr,112241586.0,2405134.0,2405134.0,99968540.0,Astana-city,2022,119.911,74.5,300186.2,454731.8,103.1
Baiqonyr,336447119.0,16142383.0,16142383.0,295077865.0,Astana-city,2023,118.7,76.55905736,311192.0,469734.4,97.7
Baiqonyr,372558262.0,12217881.0,12217881.0,344052158.0,Astana-city,2024,,,,,105.3
Saryarqa,215210920.0,2245427.0,0.0,0.0,Astana-city,2014,177.769,629.4,96723.1,268938.6,106.4
Saryarqa,196280489.0,2275643.0,0.0,86481659.0,Astana-city,2015,192.56,828.8,94675.9,271198.6,98.6
Saryarqa,162994818.0,4074300.0,4074300.0,60820724.0,Astana-city,2016,191.997,155.0,92310.3,322899.2,106.5
Saryarqa,171257144.0,3378168.0,3378168.0,50627315.0,Astana-city,2017,199.628,277.3,88103.0,305762.3,111.5
Saryarqa,193836297.0,14547907.0,14547907.0,84471093.0,Astana-city,2018,160.652,140.0,50205.2,313551.2,109.4
Saryarqa,112353466.0,10381534.0,10381534.0,33997577.0,Astana-city,2019,173.013,105.2,56147.2,335857.3,101.0
Saryarqa,98290485.0,3894312.0,3894312.0,23300152.0,Astana-city,2020,174.392,101.9,66578.1,264474.6,102.8
Saryarqa,112746153.0,9496629.0,9496629.0,50313480.0,Astana-city,2021,176.372,114.4,94689.4,343301.1,111.5
Saryarqa,120716495.0,56027709.0,56027709.0,71922398.0,Astana-city,2022,175.953,130.3,120155.1,410897.4,103.1
Saryarqa,99385300.0,5199771.0,5199771.0,72513790.0,Astana-city,2023,171.6,138.08493758520828,122728.7,517781.6,97.7
Saryarqa,139952512.0,3341486.0,3341486.0,79600063.0,Astana-city,2024,,,,,105.3
Yesil,262913632.0,11955722.0,0.0,0.0,Astana-city,2014,58.305,231.7,38191.8,69830.7,106.4
Yesil,380158754.0,11010619.0,0.0,288962253.0,Astana-city,2015,67.211,243.2,33635.2,126271.1,98.6
Yesil,457878764.0,30201531.0,30201531.0,364762091.0,Astana-city,2016,72.916,161.1,22338.1,115524.7,106.5
Yesil,446771526.0,179598846.0,179598846.0,375406016.0,Astana-city,2017,84.142,165.8,38560.5,211260.6,111.5
Yesil,448157106.0,230799111.0,230799111.0,419349100.0,Astana-city,2018,95.897,81.8,32306.3,229012.9,109.4
Yesil,426525264.0,185488837.0,185488837.0,382433993.0,Astana-city,2019,114.017,64.0,62902.0,336309.7,101.0
Yesil,657847290.0,118984373.0,118984373.0,525487030.0,Astana-city,2020,134.711,48.5,75409.9,396493.1,102.8
Yesil,778154089.0,34411216.0,34411216.0,689450285.0,Astana-city,2021,148.602,105.4,77205.8,501664.8,111.5
Yesil,905455615.0,48839417.0,48839417.0,741674253.0,Astana-city,2022,172.034,118.4,94772.5,871785.8,103.1
Yesil,943105385.0,17398670.0,17398670.0,681628037.0,Astana-city,2023,198.4,152.18685698313834,97864.9,1169283.3,97.7
Yesil,1129432449.0,56812290.0,56812290.0,695392207.0,Astana-city,2024,,,,,105.3
Atyrau city,,,,,Atyrau,2013,,8728.1,0.0,137046.7,97.0
Atyrau city,,,,,Atyrau,2014,145.3,9142.7,0.0,162964.6,97.0
Atyrau city,,,,,Atyrau,2015,158.5,9453.3,0.0,143850.3,88.0
Atyrau city,368274513.0,454770336.0,93846749.0,182036874.0,Atyrau,2016,156.1,10792.1,957.0,198616.0,112.0
Atyrau city,666505867.0,205481195.0,101953175.0,362310777.0,Atyrau,2017,163.6,11890.1,8286.5,224739.1,122.7
Atyrau city,460336641.0,61655705.0,59554959.0,262993534.0,Atyrau,2018,168.6,12261.7,13219.7,248990.2,121.0
Atyrau city,425929987.0,27073322.0,22041683.0,269963704.0,Atyrau,2019,172.9,14687.9,14127.7,282873.1,93.6
Atyrau city,549791396.0,40952876.0,37206062.0,365786966.0,Atyrau,2020,178.9,13108.4,15142.5,299015.0,69.1
Atyrau city,676184287.0,23971763.0,23388595.0,485180325.0,Atyrau,2021,181.0,21004.8,16236.3,335270.7,188.8
Atyrau city,398976440.0,12415633.0,11925306.0,300766764.0,Atyrau,2022,190.3,27660.5,12681.7,379849.4,119.6
Atyrau city,414067301.0,36606885.0,30105214.0,304618995.0,Atyrau,2023,203.8,24325.29315742,18774.0,503624.9,111.0
Atyrau city,498251668.0,23395691.0,23108744.0,272615239.0,Atyrau,2024,217.2,,,,
Inder,,,,,Atyrau,2013,,5895.4,0.0,1013.9,97.0
Inder,,,,,Atyrau,2014,15.1,7214.3,0.0,1398.5,97.0
Inder,,,,,Atyrau,2015,14.5,7637.3,0.0,1528.5,88.0
Inder,2607016.0,128407.0,128407.0,922894.0,Atyrau,2016,14.7,7839.5,0.0,2779.2,112.0
Inder,4191020.0,110397.0,110397.0,969605.0,Atyrau,2017,14.4,7925.1,0.0,2840.5,122.7
Inder,2402547.0,92506.0,92506.0,1269869.0,Atyrau,2018,15.6,8521.2,0.0,19152.4,121.0
Inder,3417762.0,153445.0,153445.0,1657607.0,Atyrau,2019,15.6,9896.3,0.0,18568.5,93.6
Inder,7593342.0,538805.0,81160.0,2062162.0,Atyrau,2020,14.5,10607.8,0.0,15420.4,69.1
Inder,11017288.0,237654.0,237654.0,3385571.0,Atyrau,2021,14.4,14243.0,0.0,15616.5,188.8
Inder,13924083.0,339050.0,339050.0,8362683.0,Atyrau,2022,14.0,17034.4,0.0,15405.9,119.6
Inder,20669092.0,215304.0,215304.0,14762576.0,Atyrau,2023,13.6,13131.120956800001,0.0,9917.0,111.0
Inder,30509031.0,191447.0,191447.0,17669156.0,Atyrau,2024,13.5,,,,
Isatai,,,,,Atyrau,2013,,4367.2,1216.1,1787.8,97.0
Isatai,,,,,Atyrau,2014,12.8,4679.0,1225.8,472.1,97.0
Isatai,,,,,Atyrau,2015,13.2,4794.8,1241.1,1155.0,88.0
Isatai,18857847.0,11111499.0,10710440.0,11393399.0,Atyrau,2016,13.1,4854.9,1218.8,1429.0,112.0
Isatai,18422614.0,7087961.0,7048277.0,8123946.0,Atyrau,2017,11.5,4882.5,1177.2,1430.1,122.7
Isatai,14537273.0,1265803.0,715412.0,1315944.0,Atyrau,2018,11.1,5347.8,1142.6,3268.5,121.0
Isatai,35231850.0,1305251.0,1275401.0,24590126.0,Atyrau,2019,12.3,5858.4,1098.1,3219.1,93.6
Isatai,23968375.0,581783.0,581783.0,2156662.0,Atyrau,2020,12.2,6609.2,980.9,3358.1,69.1
Isatai,11333222.0,622815.0,253578.0,947337.0,Atyrau,2021,12.6,8825.1,955.2,3431.1,188.8
Isatai,17011795.0,957626.0,393793.0,3088699.0,Atyrau,2022,11.8,10294.7,942.2,3907.4,119.6
Isatai,102548181.0,2093033.0,0.0,56957627.0,Atyrau,2023,11.9,8902.620638600001,937.0,13256.0,111.0
Isatai,50093576.0,15080117.0,549486.0,4274409.0,Atyrau,2024,11.3,,,,
Makhambet,,,,,Atyrau,2013,,6697.2,69.0,12455.7,97.0
Makhambet,,,,,Atyrau,2014,15.8,7559.7,73.7,548.5,97.0
Makhambet,,,,,Atyrau,2015,15.3,8503.3,59.0,592.2,88.0
Makhambet,15130606.0,4393658.0,4288830.0,7290134.0,Atyrau,2016,15.7,10182.0,52.0,696.7,112.0
Makhambet,17017881.0,2845850.0,2651488.0,5586196.0,Atyrau,2017,15.5,10548.1,52.6,693.4,122.7
Makhambet,12265572.0,592915.0,452948.0,5040834.0,Atyrau,2018,15.5,11529.2,52.1,797.5,121.0
Makhambet,13426911.0,1427489.0,1235756.0,5001146.0,Atyrau,2019,17.2,13934.8,49.1,858.4,93.6
Makhambet,12459474.0,1872445.0,1857588.0,4700087.0,Atyrau,2020,14.5,18642.5,40.2,655.6,69.1
Makhambet,30493354.0,3504975.0,3499453.0,23944965.0,Atyrau,2021,14.4,19647.7,39.5,899.1,188.8
Makhambet,103655658.0,6479551.0,6479551.0,90773696.0,Atyrau,2022,13.4,23622.9,28.1,1409.5,119.6
Makhambet,47374595.0,6945216.0,0.0,39690247.0,Atyrau,2023,12.4,21886.25121771,25.2,1864.9,111.0
Makhambet,37976490.0,8069357.0,7987191.0,16326089.0,Atyrau,2024,13.4,,,,
Maqat,,,,,Atyrau,2013,,587.8,759.9,2221.8,97.0
Maqat,,,,,Atyrau,2014,15.9,661.0,688.4,1734.4,97.0
Maqat,,,,,Atyrau,2015,15.0,713.0,657.4,2716.0,88.0
Maqat,8493825.0,1148463.0,1013775.0,3187162.0,Atyrau,2016,15.0,760.7,619.3,2497.1,112.0
Maqat,7370877.0,682935.0,512808.0,2892084.0,Atyrau,2017,14.9,726.3,536.4,2507.6,122.7
Maqat,8526621.0,3326315.0,10833.0,2015644.0,Atyrau,2018,15.1,798.8,510.6,2750.5,121.0
Maqat,51513094.0,1082226.0,58404.0,1539867.0,Atyrau,2019,16.0,922.4,522.9,2696.8,93.6
Maqat,19451923.0,2106257.0,1766016.0,2279448.0,Atyrau,2020,16.1,963.1,494.6,2312.2,69.1
Maqat,116345313.0,2146927.0,2062899.0,11238893.0,Atyrau,2021,16.0,1378.3,500.2,2401.0,188.8
Maqat,316086184.0,389134.0,315202.0,9294789.0,Atyrau,2022,15.8,1642.4,526.0,2681.1,119.6
Maqat,204494044.0,574422.0,442642.0,89805757.0,Atyrau,2023,15.6,1243.3262603,479.5,4381.3,111.0
Maqat,261680542.0,44103586.0,44046278.0,64410099.0,Atyrau,2024,15.5,,,,
Qurmangazy,,,,,Atyrau,2013,,10205.7,50.8,8556.7,97.0
Qurmangazy,,,,,Atyrau,2014,30.0,10730.1,37.7,2882.5,97.0
Qurmangazy,,,,,Atyrau,2015,29.4,11100.3,37.1,10435.3,88.0
Qurmangazy,23413784.0,15134481.0,13690385.0,14098926.0,Atyrau,2016,29.7,10930.4,40.2,6245.6,112.0
Qurmangazy,6553163.0,2997359.0,2603283.0,3385011.0,Atyrau,2017,28.1,11025.1,35.3,6436.8,122.7
Qurmangazy,9818776.0,286888.0,204361.0,3102643.0,Atyrau,2018,28.7,12538.8,45.5,7238.9,121.0
Qurmangazy,11523369.0,123440.0,100043.0,2514503.0,Atyrau,2019,30.2,13696.0,39.6,7790.3,93.6
Qurmangazy,7078512.0,334683.0,221972.0,1616050.0,Atyrau,2020,28.0,15208.4,31.5,6642.7,69.1
Qurmangazy,5480570.0,138152.0,138152.0,1444969.0,Atyrau,2021,27.6,20677.9,39.4,7644.5,188.8
Qurmangazy,2765583.0,77354.0,77354.0,1010259.0,Atyrau,2022,27.1,22943.7,43.9,7887.4,119.6
Qurmangazy,44752718.0,228684.0,0.0,33629503.0,Atyrau,2023,24.0,21492.63153135,31.1,3610.9,111.0
Qurmangazy,28856634.0,346786.0,346786.0,9518865.0,Atyrau,2024,23.9,,,,
Qyzylqoga,,,,,Atyrau,2013,,10060.9,725.2,1372.2,97.0
Qyzylqoga,,,,,Atyrau,2014,13.9,11025.5,758.0,979.9,97.0
Qyzylqoga,,,,,Atyrau,2015,13.7,11347.0,755.8,3791.6,88.0
Qyzylqoga,7793743.0,678210.0,0.0,628718.0,Atyrau,2016,13.5,10890.5,739.5,2038.5,112.0
Qyzylqoga,9330632.0,2023408.0,898.0,591162.0,Atyrau,2017,13.3,10476.3,767.1,2044.7,122.7
Qyzylqoga,9389876.0,1284333.0,3962.0,639065.0,Atyrau,2018,12.7,11603.3,770.3,2204.3,121.0
Qyzylqoga,18705629.0,764802.0,2470.0,657247.0,Atyrau,2019,14.5,12906.3,768.6,2249.9,93.6
Qyzylqoga,20523780.0,5328817.0,5221930.0,7124768.0,Atyrau,2020,13.7,14636.3,738.1,1893.0,69.1
Qyzylqoga,19868281.0,8579797.0,7648475.0,4167392.0,Atyrau,2021,14.4,19516.5,713.7,1957.6,188.8
Qyzylqoga,28979584.0,4177930.0,2597226.0,2767983.0,Atyrau,2022,14.7,22576.4,732.7,1778.1,119.6
Qyzylqoga,42702677.0,10508069.0,6700114.0,2528115.0,Atyrau,2023,14.7,17516.982535199997,740.8,1831.4,111.0
Qyzylqoga,41198801.0,4121325.0,3083519.0,6050803.0,Atyrau,2024,14.8,,,,
Zhylyoi,,,,,Atyrau,2013,,4749.7,29423.3,7286.2,97.0
Zhylyoi,,,,,Atyrau,2014,37.3,5250.8,29159.6,13987.7,97.0
Zhylyoi,,,,,Atyrau,2015,36.7,5216.5,29639.9,12568.5,88.0
Zhylyoi,577504940.0,527411484.0,8278158.0,12717932.0,Atyrau,2016,38.6,5362.5,30053.9,18607.1,112.0
Zhylyoi,766802892.0,739085001.0,11146906.0,16301994.0,Atyrau,2017,38.8,5127.7,31375.1,19513.9,122.7
Zhylyoi,1554271541.0,1549407356.0,71405037.0,69745163.0,Atyrau,2018,36.7,5962.0,31542.9,21313.5,121.0
Zhylyoi,1898875125.0,1843660977.0,19762313.0,51493044.0,Atyrau,2019,37.6,6483.0,32863.8,22901.6,93.6
Zhylyoi,1361681517.0,1276583470.0,9839398.0,16136036.0,Atyrau,2020,36.6,6702.6,29317.3,20035.2,69.1
Zhylyoi,1049014142.0,967161995.0,19187923.0,46838720.0,Atyrau,2021,37.3,9922.8,29320.3,21112.6,188.8
Zhylyoi,1089926890.0,1033920619.0,24013184.0,33629019.0,Atyrau,2022,39.6,11391.5,31905.1,40229.3,119.6
Zhylyoi,1040185156.0,960868949.0,18573011.0,62898033.0,Atyrau,2023,39.1,9418.187145,31672.6,14886.0,111.0
Zhylyoi,640220266.0,489006693.0,20134572.0,49295578.0,Atyrau,2024,38.2,,,,
Abay,9788627.0,4526939.0,,,Qaraghandy,2014,26.2,,95346.62,6579.1,104.5
Abay,3870710.0,4181405.0,1077837.0,1375895.0,Qaraghandy,2015,25.9,,100841.801,6553.6,111.7
Abay,4242734.0,5169779.0,960936.0,1686099.0,Qaraghandy,2016,26.5,,113395.581,7314.9,120.3
Abay,6618758.0,4885502.0,2306472.0,1237898.0,Qaraghandy,2017,28.8,,124694.659,7725.2,107.8
Abay,5897212.0,10862193.0,4519550.0,757320.0,Qaraghandy,2018,29.0,,97302.898,8154.4,108.6
Abay,31289835.0,9239275.0,3833490.0,26695900.0,Qaraghandy,2019,30.9,,144085.821,8585.1,103.0
Abay,11420662.0,8423236.0,7009197.0,3214516.0,Qaraghandy,2020,27.6,,138368.515,8849.5,115.5
Abay,13870018.0,8029545.0,6004306.0,6657687.0,Qaraghandy,2021,32.1,,173990.17,9922.2,135.1
Abay,11547912.0,16474949.0,13176899.0,6039694.0,Qaraghandy,2022,29.4,,82857.734,11425.7,98.325
Abay,22942865.0,9227657.0,9189349.0,1928870.0,Qaraghandy,2023,27.7,,71357.027,12874.3,97.7
Abay,58841637.0,24582708.0,24563047.0,6375649.0,Qaraghandy,2024,,,73171.857,16956.7,107.627
Aqtoghay,11941824.0,8133932.0,,,Qaraghandy,2014,7.3,10283.7,2423.755,772.7,104.5
Aqtoghay,4224854.0,2126630.0,1854614.0,2423247.0,Qaraghandy,2015,9.4,12487.2,22826.866,802.5,111.7
Aqtoghay,3199882.0,1107817.0,416153.0,1200314.0,Qaraghandy,2016,9.5,13338.7,32442.4,940.1,120.3
Aqtoghay,4791390.0,2522554.0,452835.0,990996.0,Qaraghandy,2017,8.9,14756.2,42754.756,1018.8,107.8
Aqtoghay,5026220.0,4646479.0,599767.0,1076325.0,Qaraghandy,2018,8.3,16065.914034829666,47227.4,1093.3,108.6
Aqtoghay,9258347.0,8565591.0,4779282.0,7018873.0,Qaraghandy,2019,8.2,20307.02049454949,93514.8,1264.7,103.0
Aqtoghay,42243698.0,22816851.0,14463374.0,30698199.0,Qaraghandy,2020,7.6,20305.6531972771,129512.1,1085.6,115.5
Aqtoghay,10794625.0,17521266.0,9626037.0,3835700.0,Qaraghandy,2021,8.1,27172.690991883246,166490.3,2890.8,135.1
Aqtoghay,5713395.0,14022637.0,10655412.0,1486048.0,Qaraghandy,2022,7.3,32525.6978515566,186389.378,3330.3,98.325
Aqtoghay,49957684.0,18854853.0,15857713.0,46037561.0,Qaraghandy,2023,7.6,39434.0,192362.039,3936.0,97.7
Aqtoghay,92355719.0,43204631.0,40094803.0,81985668.0,Qaraghandy,2024,,39518.7,333692.98,5295.5,107.627
Balqash_city,8971021.0,6816891.0,,,Qaraghandy,2014,38.6,,590274.399,26263.9,104.5
Balqash_city,11415316.0,8147639.0,7015795.0,9717084.0,Qaraghandy,2015,39.0,,485916.809,27536.6,111.7
Balqash_city,7764898.0,8776231.0,4574603.0,6932945.0,Qaraghandy,2016,36.8,,717779.22,32397.699999999997,120.3
Balqash_city,10376854.0,8563897.0,6357644.0,6316892.0,Qaraghandy,2017,36.6,,783406.591,36152.4,107.8
Balqash_city,15902993.0,13792153.0,12959443.0,8091644.0,Qaraghandy,2018,37.1,,999253.2220000001,38783.3,108.6
Balqash_city,20216597.0,27204763.0,26781517.0,14114440.0,Qaraghandy,2019,39.8,,646669.819,41564.0,103.0
Balqash_city,17814539.0,16825898.0,16708036.0,8596822.0,Qaraghandy,2020,36.8,,866575.245,46834.9,115.5
Balqash_city,21402665.0,26981542.0,26460943.0,13908714.0,Qaraghandy,2021,37.9,,1116351.263,51027.899999999994,135.1
Balqash_city,43792769.0,14547462.0,13851965.0,38061316.0,Qaraghandy,2022,32.7,,1628006.5669999998,59772.4,98.325
Balqash_city,43440166.0,23930331.0,23519518.0,25755234.0,Qaraghandy,2023,37.2,,1232963.076,68196.6,97.7
Balqash_city,42936437.0,15686003.0,15130657.0,23101369.0,Qaraghandy,2024,,,1617498.2140000002,,107.627
Buqar_zhyrau,6764514.0,3195457.0,,,Qaraghandy,2014,29.6,30968.7,33292.525,1652.5,104.5
Buqar_zhyrau,16892371.0,1280131.0,244396.0,3069029.0,Qaraghandy,2015,28.9,33547.5,32904.317,1716.2,111.7
Buqar_zhyrau,17496781.0,2833247.0,1717839.0,3936385.0,Qaraghandy,2016,30.1,37338.3,34500.1,2019.3,120.3
Buqar_zhyrau,25302350.0,3784921.0,3706069.0,12982878.0,Qaraghandy,2017,28.4,38184.0,38131.924,2184.2,107.8
Buqar_zhyrau,18983958.0,4359519.0,2096044.0,9432041.0,Qaraghandy,2018,26.4,41976.597723231724,43173.8,3201.2,108.6
Buqar_zhyrau,39304163.0,2204447.0,2174489.0,29612907.0,Qaraghandy,2019,25.6,49568.171352106365,47447.4,3417.7,103.0
Buqar_zhyrau,26578149.0,4659984.0,4592497.0,11016643.0,Qaraghandy,2020,25.7,59258.3786366958,57088.8,3409.7,115.5
Buqar_zhyrau,16562251.0,5568650.0,5547100.0,9049353.0,Qaraghandy,2021,25.2,73396.68386333091,82833.2,4952.1,135.1
Buqar_zhyrau,24264211.0,6665221.0,6644996.0,13534443.0,Qaraghandy,2022,23.9,81659.56195078796,105528.869,6968.7,98.325
Buqar_zhyrau,28684102.0,5068013.0,5015113.0,22296390.0,Qaraghandy,2023,22.7,74481.9,162155.401,10748.8,97.7
Buqar_zhyrau,50799431.0,4792124.0,4508362.0,34489110.0,Qaraghandy,2024,,89018.9,90525.835,9566.3,107.627
Nura,28934849.0,2291674.0,,,Qaraghandy,2014,15.2,18244.4,43283.21,1070.4,104.5
Nura,27008629.0,2155017.0,103029.0,3426657.0,Qaraghandy,2015,13.9,19091.8,45401.9,1109.0,111.7
Nura,8040796.0,1838777.0,151667.0,1039947.0,Qaraghandy,2016,10.7,24946.6,52256.7,1304.9,120.3
Nura,10329527.0,8965695.0,168658.0,1633263.0,Qaraghandy,2017,11.7,24813.4,83333.322,1403.0,107.8
Nura,10901805.0,2538468.0,0.0,1975747.0,Qaraghandy,2018,11.6,30006.706402134812,134969.0,1494.3,108.6
Nura,14766983.0,9669512.0,620480.0,3058407.0,Qaraghandy,2019,10.3,34987.77450781646,131207.9,1594.8,103.0
Nura,11304679.0,3464893.0,145474.0,1252907.0,Qaraghandy,2020,11.9,45646.834969465,100771.9,1655.0,115.5
Nura,15879322.0,3787200.0,922936.0,2685403.0,Qaraghandy,2021,10.8,54008.74947110763,143472.4,4174.7,135.1
Nura,28609327.0,14232964.0,6743796.0,11866944.0,Qaraghandy,2022,11.5,67696.79500073082,333490.157,4812.0,98.325
Nura,0.0,0.0,11621196.0,13644063.0,Qaraghandy,2023,11.7,51647.5,213596.563,5395.3,97.7
Nura,19758381.0,10239926.0,5711238.0,8227596.0,Qaraghandy,2024,,69801.3,180909.362,5501.6,107.627
Osakarov,14311798.0,303955.0,,,Qaraghandy,2014,17.5,16871.5,16094.235,3357.0,104.5
Osakarov,15836487.0,311477.0,30263.0,3353035.0,Qaraghandy,2015,17.3,19289.1,24608.5,3414.0,111.7
Osakarov,20065569.0,194265.0,47645.0,1230445.0,Qaraghandy,2016,17.8,24484.9,26905.6,4018.8,120.3
Osakarov,4863133.0,2149815.0,333972.0,652889.0,Qaraghandy,2017,17.6,27927.2,28154.57,4375.2,107.8
Osakarov,5375037.0,1498793.0,154140.0,457377.0,Qaraghandy,2018,15.6,31794.946391791866,27135.3,4743.7,108.6
Osakarov,13923986.0,147481.0,29145.0,6422779.0,Qaraghandy,2019,16.6,38790.290096704695,31427.6,5087.3,103.0
Osakarov,17438591.0,1308798.0,125629.0,2350602.0,Qaraghandy,2020,15.9,50863.9636218733,32386.2,4781.3,115.5
Osakarov,28671628.0,621945.0,3524.0,9436793.0,Qaraghandy,2021,16.0,63830.250816169784,39344.7,5173.6,135.1
Osakarov,24432641.0,522488.0,533.0,8087738.0,Qaraghandy,2022,15.8,82261.35173094165,36463.346,6177.6,98.325
Osakarov,29334103.0,586851.0,0.0,15259083.0,Qaraghandy,2023,15.2,61172.5,52861.837,7145.5,97.7
Osakarov,42533620.0,66777.0,0.0,28827398.0,Qaraghandy,2024,,83943.4,67913.974,5873.2,107.627
Priozersk_city,3819459.0,7868.0,,,Qaraghandy,2014,6.9,97.8,2932.239,1677.0,104.5
Priozersk_city,2459207.0,41405.0,0.0,1304715.0,Qaraghandy,2015,6.8,105.8,2878.141,1705.1,111.7
Priozersk_city,1227305.0,9930.0,9519.0,255247.0,Qaraghandy,2016,7.4,116.4,4090.1,1999.3,120.3
Priozersk_city,1429622.0,6438.0,35.0,139678.0,Qaraghandy,2017,7.6,133.2,5951.365,2171.0,107.8
Priozersk_city,1230471.0,17291.0,12750.0,151900.0,Qaraghandy,2018,7.5,154.26754574,7338.8,2319.0,108.6
Priozersk_city,714388.0,25505.0,360.0,211825.0,Qaraghandy,2019,7.7,193.6526747198847,6903.2,2467.5,103.0
Priozersk_city,1423407.0,17884.0,0.0,297307.0,Qaraghandy,2020,6.9,233.942112834926,6295.6,2500.8,115.5
Priozersk_city,2243606.0,6395040.0,6338379.0,161372.0,Qaraghandy,2021,6.9,322.8959636598088,7949.2,2665.3,135.1
Priozersk_city,818992.0,3277283.0,3246487.0,90988.0,Qaraghandy,2022,5.8,361.3,1844.83,3091.0,98.325
Priozersk_city,1582485.0,3842739.0,3842739.0,984501.0,Qaraghandy,2023,5.3,291.9,2607.959,3494.8,97.7
Priozersk_city,2289385.0,19150403.0,18915592.0,1566497.0,Qaraghandy,2024,,307.2,32422.971,3223.8,107.627
Qaraghandy_city,67334639.0,11449051.0,,,Qaraghandy,2014,243.5,7706.4,293819.114,432912.2,104.5
Qaraghandy_city,72861439.0,15662520.0,9847219.0,62653370.0,Qaraghandy,2015,253.9,7401.6,274108.711,447773.9,111.7
Qaraghandy_city,68967128.0,23178688.0,18927795.0,58067804.0,Qaraghandy,2016,239.0,7442.4,338107.7,532856.0,120.3
Qaraghandy_city,85166548.0,20473014.0,10743728.0,58689886.0,Qaraghandy,2017,228.9,8350.6,381314.187,603268.6,107.8
Qaraghandy_city,105086456.0,19682653.0,6509589.0,72224715.0,Qaraghandy,2018,228.7,8804.378748762832,368653.8,685354.6,108.6
Qaraghandy_city,113484638.0,25207129.0,13482716.0,83200770.0,Qaraghandy,2019,222.6,9238.280016748193,407465.1,787746.5,103.0
Qaraghandy_city,149696794.0,28438564.0,25084846.0,108494806.0,Qaraghandy,2020,227.8,10744.4982893949,438756.3,840342.4,115.5
Qaraghandy_city,188460118.0,20700120.0,10870248.0,149226264.0,Qaraghandy,2021,222.5,13509.764255452417,632267.5,922529.0,135.1
Qaraghandy_city,173520927.0,38432554.0,17747288.0,146549784.0,Qaraghandy,2022,233.8,15749.0,750506.698,1095493.4,98.325
Qaraghandy_city,222391167.0,15075988.0,12421187.0,151616132.0,Qaraghandy,2023,238.7,15242.3,781707.1,1235483.2,97.7
Qaraghandy_city,293203223.0,17579235.0,15458357.0,188006079.0,Qaraghandy,2024,,14319.9,861519.464,1404672.1,107.627
Qarazhal_city,1682691.0,994012.0,,,Qaraghandy,2014,8.5,,,2113.4,104.5
Qarazhal_city,9336987.0,421663.0,0.0,1029858.0,Qaraghandy,2015,7.6,,,2040.3999999999999,111.7
Qarazhal_city,11114253.0,0.0,0.0,3429739.0,Qaraghandy,2016,7.6,,,2470.6,120.3
Qarazhal_city,12439811.0,210.0,210.0,1168171.0,Qaraghandy,2017,7.4,,,2017.0,107.8
Qarazhal_city,31164925.0,436.0,436.0,575702.0,Qaraghandy,2018,8.8,,69516.899,2761.0,108.6
Qarazhal_city,92095803.0,36269.0,36269.0,909145.0,Qaraghandy,2019,8.6,,58810.2,2636.3,103.0
Qarazhal_city,60680697.0,0.0,0.0,1096172.0,Qaraghandy,2020,9.0,,38896.4,2443.5,115.5
Qarazhal_city,36272959.0,0.0,0.0,1053743.0,Qaraghandy,2021,8.4,,76039.7,2284.3,135.1
Qarazhal_city,0.0,0.0,0.0,1108912.0,Qaraghandy,2022,7837.0,,120973.6,3018.2,98.325
Qarazhal_city,38234524.0,1475094.0,3776.0,2921260.0,Qaraghandy,2023,7748.0,,,,97.7
Qarazhal_city,41336921.0,1016974.0,0.0,3827340.0,Qaraghandy,2024,,,,,107.627
Qarqaraly,3084001.0,5764218.0,,,Qaraghandy,2014,20.2,16895.4,4981.947,2291.2,104.5
Qarqaraly,3437199.0,11281685.0,8262.0,543790.0,Qaraghandy,2015,20.7,19008.8,4754.679,2315.3,111.7
Qarqaraly,3079529.0,12719140.0,5452.0,264375.0,Qaraghandy,2016,19.9,24145.3,5026.1,2710.0,120.3
Qarqaraly,6710867.0,3668217.0,1630566.0,4684420.0,Qaraghandy,2017,22.4,25498.7,7807.175,3065.5,107.8
Qarqaraly,4813927.0,966359.0,966359.0,2340521.0,Qaraghandy,2018,22.6,27966.13027445421,13436.6,3309.8,108.6
Qarqaraly,6970419.0,1243119.0,1231919.0,4401389.0,Qaraghandy,2019,22.0,35716.76677130726,19192.6,3524.7,103.0
Qarqaraly,10343409.0,2896298.0,1676677.0,6698573.0,Qaraghandy,2020,19.6,39038.43782032109,47303.8,3429.6,115.5
Qarqaraly,11182923.0,5180142.0,3185642.0,7593356.0,Qaraghandy,2021,20.5,50429.62311641776,72009.5,3659.3,135.1
Qarqaraly,20769042.0,633483.0,521238.0,11043197.0,Qaraghandy,2022,17.5,55351.09742867001,51688.563,4208.5,98.325
Qarqaraly,12747082.0,1679320.0,0.0,6909749.0,Qaraghandy,2023,16.4,58560.7,32854.841,4799.6,97.7
Qarqaraly,12985045.0,1017864.0,0.0,4650333.0,Qaraghandy,2024,,60858.1,43229.042,4358.2,107.627
Saran_city,8386733.0,4120755.0,,,Qaraghandy,2014,24.4,1523.8,21577.788,2947.9,104.5
Saran_city,3546981.0,3619308.0,212732.0,1578891.0,Qaraghandy,2015,25.9,1481.9,18004.7,3077.7,111.7
Saran_city,1618308.0,2684263.0,120716.0,1134428.0,Qaraghandy,2016,24.8,1491.3,21119.0,3628.8,120.3
Saran_city,2182725.0,5437080.0,672703.0,939997.0,Qaraghandy,2017,24.7,1907.7,24883.408,4055.8,107.8
Saran_city,1830849.0,38727526.0,31793029.0,820119.0,Qaraghandy,2018,24.5,1930.3,24991.32,4335.5,108.6
Saran_city,3620733.0,7909630.0,641403.0,891641.0,Qaraghandy,2019,24.1,2034.7120946518016,34981.6,4625.1,103.0
Saran_city,5037387.0,8011754.0,699301.0,1075530.0,Qaraghandy,2020,25.2,2436.46644996363,29472.0,5298.0,115.5
Saran_city,16032936.0,53329723.0,45421519.0,11917365.0,Qaraghandy,2021,24.7,3236.839014000108,40254.8,5336.9,135.1
Saran_city,30017693.0,84696634.0,74790704.0,14649199.0,Qaraghandy,2022,19.9,3695.3,73658.38,9300.2,98.325
Saran_city,24519330.0,87701023.0,87700377.0,3528408.0,Qaraghandy,2023,21.2,3450.9,186147.198,11949.8,97.7
Saran_city,81143713.0,26733266.0,26733220.0,10795777.0,Qaraghandy,2024,,2850.7,194614.536,8604.6,107.627
Satpayev_city,11996829.0,7203473.0,,,Qaraghandy,2014,33.5,,,17077.0,104.5
Satpayev_city,9312370.0,4286419.0,4286419.0,6093781.0,Qaraghandy,2015,32.4,,,17655.4,111.7
Satpayev_city,17415351.0,5052260.0,4063552.0,5539379.0,Qaraghandy,2016,31.3,,,20732.1,120.3
Satpayev_city,26008536.0,8314598.0,8314598.0,9462377.0,Qaraghandy,2017,31.9,,,23662.9,107.8
Satpayev_city,22724248.0,15623853.0,15623853.0,16629375.0,Qaraghandy,2018,30.4,,96940.819,25791.2,108.6
Satpayev_city,14393420.0,10382246.0,10382246.0,11894291.0,Qaraghandy,2019,31.1,,88336.0,27316.2,103.0
Satpayev_city,21817967.0,10598250.0,10598250.0,13704216.0,Qaraghandy,2020,31.0,,81241.8,27776.6,115.5
Satpayev_city,27873385.0,19213154.0,19213154.0,23666598.0,Qaraghandy,2021,30.7,,129938.4,27927.800000000003,135.1
Satpayev_city,48045657.0,2323675.0,2323675.0,44168892.0,Qaraghandy,2022,30514.0,,163294.4,33991.9,98.325
Satpayev_city,55060494.0,1806548.0,1806548.0,51702065.0,Qaraghandy,2023,29083.0,,,,97.7
Satpayev_city,42794545.0,3848069.0,3848069.0,34172356.0,Qaraghandy,2024,,,,,107.627
Shakhtinsk_city,2806727.0,6394820.0,,,Qaraghandy,2014,28.1,,18081.112999999998,13919.9,104.5
Shakhtinsk_city,1435915.0,9440478.0,11727.0,559893.0,Qaraghandy,2015,29.2,,15749.379,15284.1,111.7
Shakhtinsk_city,163160.0,5616520.0,15398.0,47017.0,Qaraghandy,2016,22.9,,18464.049,17003.1,120.3
Shakhtinsk_city,1158405.0,8315824.0,9787.0,375949.0,Qaraghandy,2017,24.3,,25612.713,15928.5,107.8
Shakhtinsk_city,1322283.0,22894607.0,1123.0,266443.0,Qaraghandy,2018,25.0,,34391.227,18854.4,108.6
Shakhtinsk_city,1863009.0,29264014.0,60.0,538972.0,Qaraghandy,2019,24.1,,36173.723,20560.2,103.0
Shakhtinsk_city,4179209.0,17100362.0,238241.0,1049816.0,Qaraghandy,2020,23.6,,36407.528999999995,22958.1,115.5
Shakhtinsk_city,4112574.0,9456381.0,12961.0,800596.0,Qaraghandy,2021,24.5,,37747.945,24922.1,135.1
Shakhtinsk_city,2327529.0,20717468.0,0.0,539311.0,Qaraghandy,2022,25.4,,40028.417,162898.9,98.325
Shakhtinsk_city,0.0,0.0,0.0,402091.0,Qaraghandy,2023,26.0,,40131.671,31635.4,97.7
Shakhtinsk_city,134769489.0,37035.0,37035.0,728506.0,Qaraghandy,2024,,,40396.419,,107.627
Shet,6888976.0,1891856.0,,,Qaraghandy,2014,21.0,20289.8,27260.624,1365.8,104.5
Shet,6740670.0,1784513.0,471976.0,4598043.0,Qaraghandy,2015,19.1,23068.6,21633.0,1421.7,111.7
Shet,6600859.0,2081065.0,222577.0,891453.0,Qaraghandy,2016,19.9,27062.6,31692.6,1682.5,120.3
Shet,14101733.0,5166384.0,0.0,2040341.0,Qaraghandy,2017,17.1,29880.6,47669.568,1871.9,107.8
Shet,9764793.0,5399743.0,87915.0,3235290.0,Qaraghandy,2018,19.4,33441.24562543545,64957.192,1993.8,108.6
Shet,31590978.0,26268648.0,21298021.0,25111939.0,Qaraghandy,2019,19.8,41217.660988358075,91721.8,2120.4,103.0
Shet,14127110.0,40570473.0,24962876.0,4364712.0,Qaraghandy,2020,19.3,43137.528368929,110796.4,1952.3,115.5
Shet,16791197.0,25538847.0,12233233.0,6000529.0,Qaraghandy,2021,18.8,57304.78348250591,147581.6,3570.3,135.1
Shet,11082451.0,13530096.0,2110062.0,6168546.0,Qaraghandy,2022,18.5,66215.8020753899,154644.655,5038.4,98.325
Shet,39466818.0,54065774.0,40077662.0,26162680.0,Qaraghandy,2023,18.1,60982.2,120256.03,6965.0,97.7
Shet,49674026.0,56926852.0,48448374.0,29897416.0,Qaraghandy,2024,,63030.8,145804.964,8355.2,107.627
Temirtau_city,10707544.0,56808988.0,,,Qaraghandy,2014,90.8,,798748.191,51858310.4,104.5
Temirtau_city,10534044.0,46212876.0,43541056.0,7689722.0,Qaraghandy,2015,98.2,,789423.1270000001,107813.9,111.7
Temirtau_city,11741256.0,37003924.0,33137480.0,7562144.0,Qaraghandy,2016,90.0,,1148664.25,124768.4,120.3
Temirtau_city,8711302.0,29950493.0,29950493.0,5426203.0,Qaraghandy,2017,91.0,,1393942.8530000001,143652.1,107.8
Temirtau_city,7749676.0,42179612.0,42179612.0,5171645.0,Qaraghandy,2018,91.6,,1442967.315,157566.3,108.6
Temirtau_city,8081103.0,83857511.0,83857511.0,5388155.0,Qaraghandy,2019,93.8,,1321431.367,165683.8,103.0
Temirtau_city,11638745.0,46793503.0,46793503.0,5145069.0,Qaraghandy,2020,93.6,,1452916.264,182528.0,115.5
Temirtau_city,14157041.0,99877579.0,99877579.0,6537040.0,Qaraghandy,2021,91.5,,2791165.515,199070.3,135.1
Temirtau_city,16712825.0,103507927.0,103507927.0,8046262.0,Qaraghandy,2022,90.2,,2386022.537,236142.5,98.325
Temirtau_city,74722370.0,1672487.0,1672487.0,68120602.0,Qaraghandy,2023,88.0,,1999558.585,265990.9,97.7
Temirtau_city,328628567.0,2504239.0,2504239.0,316673278.0,Qaraghandy,2024,,,2137402.1210000003,,107.627
Ulytau,65103301.0,124973.0,,,Qaraghandy,2014,7.5,10791.2,381.535,245.9,104.5
Ulytau,27211278.0,4115.0,1814.0,4829301.0,Qaraghandy,2015,7.6,11578.5,852.0,248.9,111.7
Ulytau,7434444.0,2943.0,2912.0,788963.0,Qaraghandy,2016,7.6,13472.2,1088.479,289.0,120.3
Ulytau,2649806.0,238487.0,2461.0,2225991.0,Qaraghandy,2017,6.3,14182.7,1138.911,309.5,107.8
Ulytau,3625005.0,16426.0,2496.0,2938461.0,Qaraghandy,2018,6.3,15589.550514742938,2568.172,329.4,108.6
Ulytau,63606309.0,260836.0,4362.0,62017354.0,Qaraghandy,2019,6.1,20542.74663171691,3781.5,349.8,103.0
Ulytau,4558815.0,174249.0,149357.0,2971785.0,Qaraghandy,2020,6.5,21366.0190055426,3001.3,320.2,115.5
Ulytau,5816371.0,32003.0,32003.0,4038392.0,Qaraghandy,2021,6.3,28821.581827503076,4806.9,330.9,135.1
Ulytau,0.0,0.0,0.0,4970789.0,Qaraghandy,2022,5700.0,36032.2,5459.0,379.6,98.325
Ulytau,15199998.0,0.0,0.0,9774002.0,Qaraghandy,2023,5580.0,49080.7,4776.0,610.5,97.7
Ulytau,9506954.0,276796.0,252771.0,6337787.0,Qaraghandy,2024,,,,,107.627
Zhanaarka,9482588.0,5370742.0,,,Qaraghandy,2014,15.8,13359.8,8775.833,1136.1,104.5
Zhanaarka,5400062.0,1914851.0,1910949.0,3802916.0,Qaraghandy,2015,14.6,16186.2,6841.1,1211.8,111.7
Zhanaarka,3883024.0,2813253.0,1609367.0,2529414.0,Qaraghandy,2016,12.7,18834.7,4256.3,1440.6,120.3
Zhanaarka,8260237.0,2174924.0,1976462.0,7506112.0,Qaraghandy,2017,16.9,20575.0,4213.245,1612.7,107.8
Zhanaarka,6445027.0,2322149.0,2322149.0,4584574.0,Qaraghandy,2018,19.9,22425.411199884118,5337.1,1727.4,108.6
Zhanaarka,58044588.0,4014802.0,4014802.0,56468619.0,Qaraghandy,2019,15.3,28258.726288365575,8124.9,1851.1,103.0
Zhanaarka,14216585.0,4058082.0,4058082.0,10797553.0,Qaraghandy,2020,14.0,29521.95493526569,6522.3,1939.1,115.5
Zhanaarka,25679032.0,9046702.0,9046702.0,21778035.0,Qaraghandy,2021,17.4,39493.70495968987,14031.7,3346.2,135.1
Zhanaarka,26563453.0,486362.0,0.0,23294146.0,Qaraghandy,2022,13975.0,49615.4,36746.0,5879.2,98.325
Zhanaarka,33231021.0,17675.0,17675.0,27114386.0,Qaraghandy,2023,16048.0,42315.6,23201.0,8746.9,97.7
Zhanaarka,25502583.0,101407.0,101225.0,17405858.0,Qaraghandy,2024,,,,,107.627
Zhezkazgan_city,7166840.0,7279427.0,,,Qaraghandy,2014,43.8,3895.6,168812.105,25064.2,104.5
Zhezkazgan_city,6837582.0,3837836.0,3837836.0,6343819.0,Qaraghandy,2015,44.2,3895.1,194396.124,26016.8,111.7
Zhezkazgan_city,7250281.0,3038932.0,3029574.0,3769006.0,Qaraghandy,2016,41.9,4025.2,266883.2,30656.2,120.3
Zhezkazgan_city,8845914.0,4201455.0,4188778.0,6451753.0,Qaraghandy,2017,41.9,4607.9,336161.462,34530.7,107.8
Zhezkazgan_city,15907289.0,10534586.0,10491312.0,13037824.0,Qaraghandy,2018,41.5,4982.751913914077,333609.724,37689.7,108.6
Zhezkazgan_city,24470671.0,7239668.0,7089703.0,16795907.0,Qaraghandy,2019,42.0,5764.154767818822,529159.3,40609.6,103.0
Zhezkazgan_city,31356084.0,6214278.0,6172047.0,13505279.0,Qaraghandy,2020,40.0,6479.32070790257,626780.7,43185.1,115.5
Zhezkazgan_city,31300213.0,10759936.0,10710774.0,20877790.0,Qaraghandy,2021,41.2,8260.21956779799,729839.8,46712.7,135.1
Zhezkazgan_city,33633647.0,9521918.0,9521918.0,24556304.0,Qaraghandy,2022,42833.0,9415.7,808023.0,53633.7,98.325
Zhezkazgan_city,62451164.0,21436790.0,21403790.0,41973016.0,Qaraghandy,2023,42474.0,13334.4,833781.0,72528.7,97.7
Zhezkazgan_city,70952389.0,31234999.0,30983472.0,37798324.0,Qaraghandy,2024,,,,,107.627
Altynsarin,2542234.0,7684.0,7684.0,2021206.0,Qostanay,2014,8709.0,11962.2,2364.0,408.5,98.4
Altynsarin,2293596.0,4461.0,1920.0,327600.0,Qostanay,2015,7414.0,14421.3,1708.0,426.0,112.2
Altynsarin,1310106.0,3666.0,1582.0,142116.0,Qostanay,2016,7618.0,13886.6,1692.0,497.1,111.9
Altynsarin,1387673.0,87196.0,947.0,168496.0,Qostanay,2017,7845.0,17907.4,2028.0,570.1,103.5
Altynsarin,1823464.0,19000.0,1601.0,262622.0,Qostanay,2018,7732.0,17603.9,2463.0,618.4,111.9
Altynsarin,3134099.0,18303.0,1159.0,50294.0,Qostanay,2019,7182.0,15834.3,1927.0,717.4,115.4
Altynsarin,5313603.0,1909.0,1559.0,76896.0,Qostanay,2020,6971.0,23912.3,2436.0,770.3,132.0
Altynsarin,3759199.0,1664.0,1664.0,340823.0,Qostanay,2021,7249.0,29214.0,2800.0,836.6,121.2
Altynsarin,5864151.0,0.0,0.0,280560.0,Qostanay,2022,6959.0,54795.9,2714.0,1087.8,104.3
Altynsarin,7876988.0,394.0,0.0,434098.0,Qostanay,2023,8458.0,28546.14152968352,3042.0,1303.7,111.6
Altynsarin,9287855.0,0.0,0.0,1169521.0,Qostanay,2024,7327.0,,,,
Amangeldi,813774.0,21845.0,21845.0,420608.0,Qostanay,2014,8701.0,8077.0,110.0,518.2,98.4
Amangeldi,1107220.0,1378.0,1378.0,284720.0,Qostanay,2015,8852.0,8922.3,119.0,537.0,112.2
Amangeldi,1134284.0,798.0,798.0,232962.0,Qostanay,2016,9171.0,10197.0,142.0,624.1,111.9
Amangeldi,2187650.0,5678.0,5678.0,68778.0,Qostanay,2017,9262.0,11107.9,652.0,706.0,103.5
Amangeldi,2569660.0,4488.0,4488.0,160622.0,Qostanay,2018,8312.0,13470.5,1709.0,782.5,111.9
Amangeldi,2478561.0,13440.0,13440.0,75565.0,Qostanay,2019,7993.0,17665.0,1437.0,858.1,115.4
Amangeldi,2278939.0,88358.0,88358.0,210129.0,Qostanay,2020,7676.0,22394.0,3579.0,764.3,132.0
Amangeldi,3102341.0,1794.0,1794.0,475661.0,Qostanay,2021,7955.0,22029.8,4040.0,831.2,121.2
Amangeldi,2900680.0,0.0,0.0,1030090.0,Qostanay,2022,5937.0,37603.8,2193.0,994.5,104.3
Amangeldi,3704283.0,0.0,0.0,1490000.0,Qostanay,2023,5676.0,17700.88305819715,1281.0,1125.9,111.6
Amangeldi,5537835.0,0.0,0.0,1885054.0,Qostanay,2024,4770.0,,,,
Arqalyq city,6271434.0,146919.0,146919.0,5392580.0,Qostanay,2014,20802.0,10883.0,5739.0,3106.6,98.4
Arqalyq city,6082488.0,165175.0,1909.0,722097.0,Qostanay,2015,21670.0,10254.7,6360.0,3239.0,112.2
Arqalyq city,5916449.0,227182.0,3716.0,2341930.0,Qostanay,2016,22421.0,12464.6,7490.0,3773.8,111.9
Arqalyq city,2731306.0,578264.0,8357.0,839268.0,Qostanay,2017,23664.0,11805.0,9422.0,4177.1,103.5
Arqalyq city,3519950.0,660544.0,4948.0,1716185.0,Qostanay,2018,21873.0,14407.6,11118.0,4587.4,111.9
Arqalyq city,4372500.0,797300.0,93725.0,417020.0,Qostanay,2019,20624.0,19387.7,10144.0,4979.8,115.4
Arqalyq city,10066219.0,326205.0,52965.0,2295583.0,Qostanay,2020,18977.0,28147.7,6588.0,4983.2,132.0
Arqalyq city,19211400.0,3408.0,3408.0,8291071.0,Qostanay,2021,18940.0,20008.6,7046.0,5542.4,121.2
Arqalyq city,4305370.0,432847.0,698.0,1062080.0,Qostanay,2022,18274.0,42292.0,8578.0,6925.9,104.3
Arqalyq city,21260232.0,11124258.0,9850304.0,10707418.0,Qostanay,2023,17673.0,19391.50083812282,9004.0,7849.8,111.6
Arqalyq city,18690907.0,1327758.0,1042500.0,6342689.0,Qostanay,2024,17470.0,,,,
Auliekol,4165281.0,1550.0,1550.0,3173031.0,Qostanay,2014,25170.0,15324.8,4044.0,2700.7,98.4
Auliekol,2880416.0,2276.0,2276.0,1345351.0,Qostanay,2015,25222.0,16553.9,3735.0,2819.8,112.2
Auliekol,3316914.0,3933.0,3933.0,135223.0,Qostanay,2016,25908.0,18083.9,3706.0,3291.3,111.9
Auliekol,7201898.0,9122.0,9122.0,4618578.0,Qostanay,2017,26351.0,19911.8,4816.0,3753.6,103.5
Auliekol,6947445.0,1450211.0,1450211.0,3581566.0,Qostanay,2018,23504.0,19464.9,5182.0,4112.0,111.9
Auliekol,8554811.0,77174.0,77174.0,3359922.0,Qostanay,2019,23106.0,16957.1,5597.0,4472.9,115.4
Auliekol,7476316.0,28352.0,28352.0,1483625.0,Qostanay,2020,20853.0,31880.5,4505.0,4802.2,132.0
Auliekol,13302146.0,3475.0,3475.0,7660154.0,Qostanay,2021,19410.0,25094.2,4808.0,6050.4,121.2
Auliekol,14550684.0,201030.0,412.0,5856962.0,Qostanay,2022,16910.0,49005.7,6057.0,7146.6,104.3
Auliekol,15208870.0,0.0,0.0,7353525.0,Qostanay,2023,16231.0,24904.0773788781,8792.0,11098.6,111.6
Auliekol,19500617.0,0.0,0.0,7954401.0,Qostanay,2024,14952.0,,,,
Beimbet Mailin,4830909.0,4515311.0,4515311.0,-1716956.0,Qostanay,2014,15635.0,11246.7,27420.0,2035.8,98.4
Beimbet Mailin,3018946.0,3064924.0,24159.0,1256056.0,Qostanay,2015,14757.0,12115.0,20122.0,2112.0,112.2
Beimbet Mailin,1989987.0,1693229.0,11674.0,194584.0,Qostanay,2016,14520.0,13593.7,39176.0,2463.3,111.9
Beimbet Mailin,3509334.0,4464308.0,30637.0,142016.0,Qostanay,2017,15378.0,16589.9,58701.0,2810.7,103.5
Beimbet Mailin,3374245.0,5161765.0,34109.0,553952.0,Qostanay,2018,14407.0,17300.2,68769.0,3109.2,111.9
Beimbet Mailin,6069874.0,5032849.0,59620.0,2253352.0,Qostanay,2019,13762.0,15341.4,84974.0,3392.0,115.4
Beimbet Mailin,13088745.0,5216728.0,67570.0,5258299.0,Qostanay,2020,12800.0,23705.8,131361.0,3499.8,132.0
Beimbet Mailin,24791011.0,4620002.0,60949.0,12185916.0,Qostanay,2021,12614.0,23479.0,179227.0,3895.4,121.2
Beimbet Mailin,27783511.0,8882926.0,6340.0,9200756.0,Qostanay,2022,12998.0,41620.6,196843.0,4652.6,104.3
Beimbet Mailin,21856168.0,7972537.0,0.0,3683701.0,Qostanay,2023,11406.0,28968.75610946287,173787.0,5660.7,111.6
Beimbet Mailin,9976940.0,12352424.0,7338.0,1513228.0,Qostanay,2024,10851.0,,,,
Denisov,2911987.0,278049.0,278049.0,1943566.0,Qostanay,2014,11498.0,13373.9,3875.0,1476.6,98.4
Denisov,2137345.0,1715638.0,1639073.0,366472.0,Qostanay,2015,11709.0,17177.5,3664.0,1535.4,112.2
Denisov,4807575.0,317280.0,76372.0,83790.0,Qostanay,2016,12353.0,17991.3,4662.0,1784.5,111.9
Denisov,5111192.0,566406.0,313325.0,64999.0,Qostanay,2017,12075.0,21961.0,3905.0,1971.7,103.5
Denisov,5906573.0,334124.0,35665.0,409206.0,Qostanay,2018,11305.0,21093.5,3118.0,2181.1,111.9
Denisov,6055109.0,677756.0,85578.0,117876.0,Qostanay,2019,11107.0,15201.5,2142.0,2383.7,115.4
Denisov,6842773.0,644793.0,42336.0,126658.0,Qostanay,2020,9902.0,23440.3,2306.0,2575.8,132.0
Denisov,4342619.0,957638.0,215722.0,492634.0,Qostanay,2021,9739.0,22181.2,2047.0,2846.0,121.2
Denisov,7655293.0,393368.0,29891.0,2847657.0,Qostanay,2022,9218.0,44623.6,1127.0,3645.4,104.3
Denisov,8733757.0,576701.0,0.0,977376.0,Qostanay,2023,9081.0,36732.03379264382,2327.0,4135.3,111.6
Denisov,9833700.0,410708.0,12528.0,1077758.0,Qostanay,2024,8629.0,,,,
Fyodorov,5295223.0,1399.0,1399.0,2894768.0,Qostanay,2014,16331.0,24159.1,3803.0,1883.4,98.4
Fyodorov,4604719.0,6541.0,6541.0,913815.0,Qostanay,2015,15633.0,26531.5,2947.0,1962.7,112.2
Fyodorov,4094440.0,11997.0,11997.0,744691.0,Qostanay,2016,14686.0,26156.3,1690.0,2291.4,111.9
Fyodorov,4700358.0,4656.0,,,Qostanay,2017,16061.0,31220.1,1862.0,3081.9,103.5
Fyodorov,5382437.0,6239.0,,,Qostanay,2018,15736.0,32903.7,2181.0,3541.7,111.9
Fyodorov,6535359.0,35690.0,35690.0,445651.0,Qostanay,2019,14196.0,39859.3,4026.0,4104.7,115.4
Fyodorov,11079780.0,2911.0,2911.0,407137.0,Qostanay,2020,12353.0,52737.0,3656.0,4403.1,132.0
Fyodorov,10014546.0,3914.0,3914.0,864177.0,Qostanay,2021,12480.0,52977.5,3205.0,4786.9,121.2
Fyodorov,12103548.0,0.0,0.0,536742.0,Qostanay,2022,12761.0,69609.4,2953.0,5663.1,104.3
Fyodorov,10018125.0,0.0,0.0,565898.0,Qostanay,2023,13231.0,50655.1213966266,4259.0,7945.9,111.6
Fyodorov,13459218.0,0.0,0.0,1230109.0,Qostanay,2024,13607.0,,,,
Lisakovsk city,2935684.0,800065.0,800065.0,770415.0,Qostanay,2014,23363.0,1731.3,26436.0,6665.5,98.4
Lisakovsk city,2636735.0,1451285.0,65358.0,655028.0,Qostanay,2015,24109.0,1603.0,26671.0,6948.2,112.2
Lisakovsk city,6302784.0,4576695.0,23969.0,636074.0,Qostanay,2016,22884.0,1464.3,34814.0,8152.6,111.9
Lisakovsk city,7299750.0,4327138.0,167941.0,666127.0,Qostanay,2017,22911.0,1926.3,37706.0,9704.6,103.5
Lisakovsk city,14853836.0,13398083.0,140373.0,571571.0,Qostanay,2018,22113.0,1867.5,52927.0,10819.0,111.9
Lisakovsk city,19550529.0,11979357.0,371864.0,3834045.0,Qostanay,2019,22407.0,1998.6,59510.0,11758.2,115.4
Lisakovsk city,13707880.0,8435017.0,292571.0,1467659.0,Qostanay,2020,21267.0,2164.6,58625.0,12648.9,132.0
Lisakovsk city,13841834.0,9159690.0,23742.0,2319213.0,Qostanay,2021,21288.0,2836.0,82207.0,14206.0,121.2
Lisakovsk city,16912936.0,9600633.0,70802.0,3608397.0,Qostanay,2022,18776.0,2751.7,82217.0,17960.7,104.3
Lisakovsk city,19400894.0,9709599.0,18711.0,2757826.0,Qostanay,2023,18576.0,2247.1804594947134,90591.0,20415.1,111.6
Lisakovsk city,16162195.0,2427100.0,4649.0,2655233.0,Qostanay,2024,17899.0,,,,
Mendiqara,1358333.0,36425.0,36425.0,191680.0,Qostanay,2014,17346.0,17126.7,2585.0,3622.6,98.4
Mendiqara,1438836.0,38002.0,3002.0,115765.0,Qostanay,2015,16663.0,18131.4,2991.0,3750.6,112.2
Mendiqara,1503353.0,1998.0,1998.0,75824.0,Qostanay,2016,16708.0,19635.9,3447.0,4356.6,111.9
Mendiqara,2084798.0,588.0,588.0,76513.0,Qostanay,2017,16482.0,24287.9,3795.0,4928.3,103.5
Mendiqara,2876113.0,2105.0,2105.0,393883.0,Qostanay,2018,16098.0,25783.2,3202.0,5398.9,111.9
Mendiqara,3693741.0,20534.0,20534.0,141788.0,Qostanay,2019,16179.0,30298.5,1347.0,5857.1,115.4
Mendiqara,6541834.0,74886.0,74886.0,219033.0,Qostanay,2020,14749.0,40897.9,2312.0,5298.6,132.0
Mendiqara,8224496.0,1396.0,1396.0,269222.0,Qostanay,2021,13156.0,51084.2,2706.0,5813.3,121.2
Mendiqara,13387642.0,0.0,0.0,153911.0,Qostanay,2022,11274.0,66140.1,3195.0,6765.0,104.3
Mendiqara,12944726.0,0.0,0.0,1686001.0,Qostanay,2023,10719.0,40447.28257805534,2117.0,7651.7,111.6
Mendiqara,13961158.0,0.0,0.0,1155503.0,Qostanay,2024,11707.0,,,,
Naurzum,852248.0,4998.0,4998.0,145120.0,Qostanay,2014,6603.0,7776.6,74.0,294.2,98.4
Naurzum,932230.0,4002.0,4002.0,109449.0,Qostanay,2015,6759.0,9800.2,43.0,305.8,112.2
Naurzum,976207.0,254.0,254.0,44152.0,Qostanay,2016,6769.0,10804.3,168.0,356.3,111.9
Naurzum,1121160.0,2210.0,2210.0,31760.0,Qostanay,2017,6995.0,12309.7,92.0,406.4,103.5
Naurzum,1290465.0,276.0,276.0,215937.0,Qostanay,2018,6436.0,13136.3,330.0,440.8,111.9
Naurzum,1189362.0,12759.0,12759.0,40218.0,Qostanay,2019,6120.0,10794.3,258.0,477.5,115.4
Naurzum,3859605.0,21038.0,21038.0,68337.0,Qostanay,2020,5173.0,23979.0,263.0,495.7,132.0
Naurzum,2563789.0,1709.0,1709.0,267082.0,Qostanay,2021,5114.0,17264.1,285.0,539.5,121.2
Naurzum,2701995.0,0.0,0.0,302130.0,Qostanay,2022,4621.0,37138.5,125.0,628.2,104.3
Naurzum,3865197.0,0.0,0.0,149804.0,Qostanay,2023,4749.0,19195.246089358658,102.0,711.9,111.6
Naurzum,4014171.0,0.0,0.0,59445.0,Qostanay,2024,4833.0,,,,
Qamysty,5626719.0,0.0,0.0,4850949.0,Qostanay,2014,8370.0,10321.4,1214.0,429.2,98.4
Qamysty,2506468.0,2896.0,2896.0,168609.0,Qostanay,2015,8059.0,12418.1,1831.0,444.7,112.2
Qamysty,3562542.0,1015.0,1015.0,124205.0,Qostanay,2016,7986.0,14678.2,1798.0,521.0,111.9
Qamysty,4005829.0,7632.0,7632.0,177517.0,Qostanay,2017,8363.0,17449.5,2377.0,585.2,103.5
Qamysty,4568458.0,2034.0,2034.0,443135.0,Qostanay,2018,8212.0,18701.6,2365.0,653.6,111.9
Qamysty,5649787.0,1084.0,1084.0,247661.0,Qostanay,2019,8254.0,9639.0,2241.0,732.1,115.4
Qamysty,6850979.0,1734.0,1734.0,731706.0,Qostanay,2020,7663.0,27353.1,3034.0,763.3,132.0
Qamysty,8005657.0,178096.0,806.0,1898763.0,Qostanay,2021,7888.0,18397.5,5272.0,894.3,121.2
Qamysty,8434152.0,393824.0,11858.0,2865497.0,Qostanay,2022,7481.0,45934.8,5911.0,1159.1,104.3
Qamysty,9495086.0,0.0,0.0,784747.0,Qostanay,2023,6643.0,25888.612506786456,3654.0,1316.2,111.6
Qamysty,15936144.0,63728.0,16629.0,5893351.0,Qostanay,2024,6509.0,,,,
Qarabalyq,4334196.0,105329.0,105329.0,3345038.0,Qostanay,2014,16828.0,16436.4,2580.0,3735.4,98.4
Qarabalyq,2208327.0,262431.0,249271.0,280393.0,Qostanay,2015,16484.0,17065.9,2741.0,3897.5,112.2
Qarabalyq,2342219.0,597902.0,591443.0,561779.0,Qostanay,2016,16340.0,19522.4,1807.0,4536.9,111.9
Qarabalyq,2476442.0,316739.0,300635.0,512326.0,Qostanay,2017,16823.0,20423.1,4055.0,4924.7,103.5
Qarabalyq,3184681.0,61105.0,39982.0,972616.0,Qostanay,2018,16527.0,23267.8,3173.0,5578.2,111.9
Qarabalyq,5017685.0,74213.0,10605.0,629601.0,Qostanay,2019,16680.0,29510.2,3238.0,6133.2,115.4
Qarabalyq,5892122.0,17595.0,2246.0,135885.0,Qostanay,2020,14862.0,35347.8,3219.0,6484.9,132.0
Qarabalyq,8649656.0,44797.0,10481.0,1997537.0,Qostanay,2021,14037.0,42572.5,5593.0,9443.0,121.2
Qarabalyq,12132984.0,7753.0,0.0,3582772.0,Qostanay,2022,14702.0,65715.5,9020.0,11100.7,104.3
Qarabalyq,12526931.0,102188.0,41237.0,2579763.0,Qostanay,2023,15503.0,53650.34678636858,14653.0,12573.9,111.6
Qarabalyq,19179419.0,66841.0,66841.0,6690052.0,Qostanay,2024,12924.0,,,,
Qarasu,4047750.0,5508.0,5508.0,3087032.0,Qostanay,2014,15711.0,31678.0,3026.0,2033.8,98.4
Qarasu,4467338.0,2671.0,2671.0,182525.0,Qostanay,2015,15131.0,32219.1,2685.0,2118.2,112.2
Qarasu,5291811.0,2966.0,2966.0,270145.0,Qostanay,2016,15203.0,38155.6,3084.0,2529.0,111.9
Qarasu,6011965.0,111861.0,3411.0,84656.0,Qostanay,2017,15726.0,41187.4,2925.0,2780.6,103.5
Qarasu,3994984.0,10904.0,7804.0,578772.0,Qostanay,2018,15750.0,43923.1,1499.0,3022.1,111.9
Qarasu,4772841.0,97373.0,36921.0,1046609.0,Qostanay,2019,16504.0,37539.1,1187.0,3281.9,115.4
Qarasu,9539052.0,213809.0,28896.0,476897.0,Qostanay,2020,13958.0,70623.4,1970.0,3488.5,132.0
Qarasu,11196857.0,180033.0,8934.0,191255.0,Qostanay,2021,13078.0,60242.2,1563.0,4094.5,121.2
Qarasu,13860401.0,7332.0,7332.0,1283970.0,Qostanay,2022,12131.0,136663.8,968.0,5098.1,104.3
Qarasu,16865904.0,7098.0,7098.0,6351064.0,Qostanay,2023,11245.0,72234.24623049275,554.0,5800.5,111.6
Qarasu,8012822.0,0.0,0.0,2000496.0,Qostanay,2024,9739.0,,,,
Qostanay,10621410.0,44997.0,44997.0,9567751.0,Qostanay,2014,38894.0,29832.5,18925.0,14204.0,98.4
Qostanay,9053023.0,981966.0,18286.0,6428111.0,Qostanay,2015,39613.0,32952.3,18304.0,14719.3,112.2
Qostanay,10155386.0,34239.0,34239.0,4958518.0,Qostanay,2016,40190.0,35513.5,19297.0,17488.6,111.9
Qostanay,11167381.0,487089.0,487089.0,4840426.0,Qostanay,2017,38661.0,39350.9,20339.0,20839.0,103.5
Qostanay,12591463.0,652427.0,652427.0,4184896.0,Qostanay,2018,40175.0,40329.3,21729.0,22823.9,111.9
Qostanay,15750233.0,116339.0,103155.0,8494540.0,Qostanay,2019,40173.0,42453.9,25920.0,25633.3,115.4
Qostanay,16738384.0,11219115.0,11211705.0,9325409.0,Qostanay,2020,37650.0,59206.8,22708.0,15196.4,132.0
Qostanay,22512570.0,8429788.0,8416148.0,5295225.0,Qostanay,2021,42476.0,70387.8,23906.0,13604.7,121.2
Qostanay,25126283.0,4718950.0,4718950.0,6093453.0,Qostanay,2022,39795.0,96425.0,35587.0,16238.0,104.3
Qostanay,24667976.0,592660.0,539515.0,7495570.0,Qostanay,2023,36405.0,81504.25872832662,38121.0,18548.9,111.6
Qostanay,45684063.0,201704.0,201704.0,13610545.0,Qostanay,2024,39163.0,,,,
Qostanay city,56009551.0,1237556.0,1237556.0,55971982.0,Qostanay,2014,125089.0,4948.2,175022.0,140329.5,98.4
Qostanay city,35740007.0,1489137.0,1489139.0,24146598.0,Qostanay,2015,121381.0,4355.0,165714.0,142770.4,112.2
Qostanay city,36623387.0,2043276.0,2033101.0,22771728.0,Qostanay,2016,126961.0,4436.8,212092.0,167367.5,111.9
Qostanay city,54401572.0,3713406.0,3713407.0,33993649.0,Qostanay,2017,125056.0,5661.2,279780.0,192128.5,103.5
Qostanay city,67260075.0,4488383.0,4488383.0,34157967.0,Qostanay,2018,128454.0,5886.3,306297.0,221433.2,111.9
Qostanay city,77231726.0,7218414.0,7218414.0,44816787.0,Qostanay,2019,130493.0,7677.8,460565.0,251975.4,115.4
Qostanay city,101430109.0,3902851.0,3902851.0,51272393.0,Qostanay,2020,137306.0,7256.2,673397.0,295052.1,132.0
Qostanay city,120205128.0,15280724.0,15280724.0,83608015.0,Qostanay,2021,140412.0,8385.8,885655.0,370682.1,121.2
Qostanay city,125499637.0,11655964.0,11650583.0,94407744.0,Qostanay,2022,144428.0,8800.2,1260759.0,429766.3,104.3
Qostanay city,170598733.0,13450669.0,13372358.0,120529811.0,Qostanay,2023,146301.0,8619.498254011873,1579121.248,534579.1,111.6
Qostanay city,219337856.0,38780846.0,38652218.0,169418215.0,Qostanay,2024,144983.0,,,,
Rudny city,57569757.0,249554.0,249554.0,9675835.0,Qostanay,2014,71233.0,6670.6,238133.0,38576.4,98.4
Rudny city,61689913.0,45352.0,45352.0,5498293.0,Qostanay,2015,71190.0,6492.8,162235.0,40240.1,112.2
Rudny city,61632805.0,54721.0,,,Qostanay,2016,73227.0,6877.6,223018.0,47585.4,111.9
Rudny city,46487867.0,460357.0,417469.0,4554916.0,Qostanay,2017,70902.0,8181.0,274742.0,55073.9,103.5
Rudny city,52163923.0,269739.0,185341.0,6675433.0,Qostanay,2018,70425.0,7910.8,329511.0,61515.3,111.9
Rudny city,58871389.0,436035.0,395049.0,7971604.0,Qostanay,2019,69567.0,10554.4,456207.0,66441.0,115.4
Rudny city,42879235.0,618563.0,215389.0,11218403.0,Qostanay,2020,68132.0,11687.3,516727.0,63195.9,132.0
Rudny city,66496277.0,632181.0,537316.0,12739601.0,Qostanay,2021,72544.0,15404.3,1004939.0,47782.3,121.2
Rudny city,116597746.0,664679.0,526936.0,8553964.0,Qostanay,2022,68977.0,15848.7,715920.0,55311.6,104.3
Rudny city,102515066.0,3057094.0,3057094.0,11047533.0,Qostanay,2023,68334.0,15530.2,609684.0,62830.1,111.6
Rudny city,92465040.0,4487932.0,4487932.0,27937449.0,Qostanay,2024,67023.0,,,,
Saryqol,5333650.0,0.0,0.0,3348910.0,Qostanay,2014,13203.0,18346.9,2793.0,1931.0,98.4
Saryqol,6503795.0,0.0,0.0,482635.0,Qostanay,2015,12424.0,20276.4,2911.0,2010.7,112.2
Saryqol,6976758.0,0.0,0.0,498126.0,Qostanay,2016,12733.0,20634.5,5559.0,2340.4,111.9
Saryqol,8203732.0,510.0,510.0,57261.0,Qostanay,2017,13217.0,24759.1,4821.0,2620.8,103.5
Saryqol,9009461.0,5135.0,5135.0,403318.0,Qostanay,2018,13708.0,25586.1,3989.0,2918.9,111.9
Saryqol,10244841.0,1452.0,1452.0,149535.0,Qostanay,2019,13761.0,31255.6,4736.0,3237.0,115.4
Saryqol,10420814.0,51689.0,51689.0,363741.0,Qostanay,2020,11595.0,45346.1,4911.0,3392.1,132.0
Saryqol,9423474.0,2705.0,2705.0,677812.0,Qostanay,2021,10790.0,48800.9,4138.0,4087.1,121.2
Saryqol,12529536.0,0.0,0.0,463297.0,Qostanay,2022,9987.0,91127.3,5387.0,6626.5,104.3
Saryqol,13407302.0,0.0,0.0,1536848.0,Qostanay,2023,10917.0,44401.996405973696,5042.0,7556.5,111.6
Saryqol,15246028.0,0.0,0.0,5436074.0,Qostanay,2024,10482.0,,,,
Sultanbek Qozhanov,4878465.0,30000.0,30000.0,1608496.0,Qostanay,2014,13942.0,13661.4,2091.0,707.6,98.4
Sultanbek Qozhanov,5107254.0,277269.0,1769.0,1038703.0,Qostanay,2015,11706.0,18045.6,3074.0,739.2,112.2
Sultanbek Qozhanov,5368307.0,205124.0,30124.0,47262.0,Qostanay,2016,12908.0,17135.3,5039.0,859.2,111.9
Sultanbek Qozhanov,5361475.0,482893.0,393.0,93419.0,Qostanay,2017,14118.0,20750.8,8443.0,1005.5,103.5
Sultanbek Qozhanov,5571323.0,225609.0,609.0,416332.0,Qostanay,2018,13061.0,22992.5,11546.0,1127.4,111.9
Sultanbek Qozhanov,6260822.0,552764.0,45264.0,77607.0,Qostanay,2019,12612.0,25145.1,14941.0,1227.7,115.4
Sultanbek Qozhanov,7431216.0,298846.0,145651.0,269303.0,Qostanay,2020,11370.0,32370.7,19061.0,1299.8,132.0
Sultanbek Qozhanov,8886409.0,130116.0,4466.0,177477.0,Qostanay,2021,10816.0,44045.6,22855.0,1411.7,121.2
Sultanbek Qozhanov,10442829.0,10834.0,0.0,410830.0,Qostanay,2022,8731.0,66575.7,26464.0,2407.5,104.3
Sultanbek Qozhanov,14363791.0,41539.0,21637.0,570419.0,Qostanay,2023,8777.0,40675.35796096336,10761.0,2744.9,111.6
Sultanbek Qozhanov,10958306.0,27021.0,27021.0,5221699.0,Qostanay,2024,7650.0,,,,
Zhangeldi,688615.0,874.0,874.0,512378.0,Qostanay,2014,7257.0,6713.1,125.0,244.5,98.4
Zhangeldi,647526.0,5816.0,5816.0,95430.0,Qostanay,2015,6241.0,7797.7,146.0,254.2,112.2
Zhangeldi,699490.0,89.0,89.0,42517.0,Qostanay,2016,5750.0,8991.5,46.0,295.4,111.9
Zhangeldi,823250.0,78.0,78.0,29005.0,Qostanay,2017,6223.0,9576.7,110.0,336.2,103.5
Zhangeldi,1168366.0,2895.0,2895.0,378738.0,Qostanay,2018,5655.0,10480.6,302.0,373.4,111.9
Zhangeldi,1162404.0,139436.0,139436.0,217572.0,Qostanay,2019,5424.0,12362.0,269.0,406.8,115.4
Zhangeldi,2007776.0,154338.0,154338.0,243255.0,Qostanay,2020,6451.0,16133.6,263.0,416.5,132.0
Zhangeldi,2122836.0,10433.0,10433.0,131222.0,Qostanay,2021,7164.0,17275.0,314.0,455.9,121.2
Zhangeldi,2230711.0,0.0,0.0,124689.0,Qostanay,2022,5997.0,22227.5,147.0,542.5,104.3
Zhangeldi,3027742.0,0.0,0.0,199311.0,Qostanay,2023,6156.0,12254.911127548074,157.0,614.2,111.6
Zhangeldi,5036618.0,0.0,0.0,674330.0,Qostanay,2024,6341.0,,,,
Zhitiqara,2348773.0,5222.0,5222.0,1015805.0,Qostanay,2014,29170.0,257.0,,192.7,98.4
Zhitiqara,2415882.0,26051.0,16051.0,510906.0,Qostanay,2015,29178.0,204.0,,79.8,112.2
Zhitiqara,3895180.0,1290420.0,388136.0,245615.0,Qostanay,2016,29172.0,201.0,,64.7,111.9
Zhitiqara,4368120.0,3116929.0,176011.0,508525.0,Qostanay,2017,25969.0,149.0,,278.2,103.5
Zhitiqara,5691230.0,4798000.0,75114.0,902825.0,Qostanay,2018,28683.0,430.0,,94.2,111.9
Zhitiqara,4852235.0,9361753.0,210456.0,479455.0,Qostanay,2019,28642.0,290.0,,96.0,115.4
Zhitiqara,9305975.0,5429965.0,574263.0,2347618.0,Qostanay,2020,26623.0,270.0,,117.3,132.0
Zhitiqara,9088892.0,6850459.0,327708.0,3184821.0,Qostanay,2021,28066.0,343.0,,114.3,121.2
Zhitiqara,9061165.0,5437932.0,328228.0,3423922.0,Qostanay,2022,23891.0,562.0,,125.8,104.3
Zhitiqara,9535101.0,12507997.0,287248.0,2313714.0,Qostanay,2023,23467.0,519.0,,83.7,111.6
Zhitiqara,14695137.0,9779556.0,168430.0,3726434.0,Qostanay,2024,22449.0,,,,
Aral,19635352.0,4538566.0,4538566.0,19359041.0,Qyzylorda,2014,31155.0,4854.0,5588.0,6920.8,90.7
Aral,21154465.0,44316.0,44316.0,13408144.0,Qyzylorda,2015,30688.0,6006.2,6427.0,7229.3,84.1
Aral,4895000.0,474724.0,474724.0,1393997.0,Qyzylorda,2016,33117.0,6476.0,8325.0,8031.1,127.6
Aral,10489562.0,0.0,0.0,6293231.0,Qyzylorda,2017,31819.0,6891.0,9968.0,10018.8,127.9
Aral,28454069.0,72589.0,72589.0,23034876.0,Qyzylorda,2018,31853.0,8058.8,12314.0,11214.3,117.9
Aral,28570675.0,66189.0,66189.0,27340831.0,Qyzylorda,2019,31808.0,9782.4,15577.0,12047.9,103.0
Aral,15065256.0,128575.0,12050.0,6146969.0,Qyzylorda,2020,28910.0,11467.4,15716.0,12616.0,97.2
Aral,15466576.0,71221.0,61238.0,4967643.0,Qyzylorda,2021,29199.0,13062.4,17407.0,13977.8,174.4
Aral,16676667.0,26044.0,8846.0,7465644.0,Qyzylorda,2022,28277.0,15828.8,24219.0,16580.6,116.1
Aral,24969558.0,0.0,0.0,12424795.0,Qyzylorda,2023,28169.0,15358.8,33679.0,19494.8,96.3
Aral,36521624.0,216375.0,216375.0,16809405.0,Qyzylorda,2024,29962.0,,,,
Baiqonyr city,32053.0,0.0,0.0,32053.0,Qyzylorda,2014,0.0,,4.0,775.2,90.7
Baiqonyr city,2428692.0,0.0,0.0,2428692.0,Qyzylorda,2015,0.0,,4.0,378.1,84.1
Baiqonyr city,38602.0,0.0,0.0,38602.0,Qyzylorda,2016,19322.0,,2.0,216.5,127.6
Baiqonyr city,38189.0,0.0,0.0,13463.0,Qyzylorda,2017,18752.0,,6.0,289.4,127.9
Baiqonyr city,70857.0,0.0,0.0,11076.0,Qyzylorda,2018,19163.0,,250.0,320.6,117.9
Baiqonyr city,316089.0,0.0,0.0,43250.0,Qyzylorda,2019,18473.0,,182.0,342.4,103.0
Baiqonyr city,138938.0,0.0,0.0,121286.0,Qyzylorda,2020,19055.0,,147.0,128.7,97.2
Baiqonyr city,2635998.0,0.0,0.0,180575.0,Qyzylorda,2021,18347.0,,173.0,277.0,174.4
Baiqonyr city,10541568.0,0.0,0.0,98486.0,Qyzylorda,2022,14466.0,,106.0,369.9,116.1
Baiqonyr city,581183.0,0.0,0.0,21629.0,Qyzylorda,2023,14568.0,,713.0,1638.9,96.3
Baiqonyr city,586820.0,0.0,0.0,168214.0,Qyzylorda,2024,14588.0,,,,
Qarmaqshy,27665203.0,1450239.0,1450239.0,27665203.0,Qyzylorda,2014,23853.0,8725.7,1929.0,3469.0,90.7
Qarmaqshy,15624822.0,38740.0,38740.0,9780757.0,Qyzylorda,2015,23492.0,8887.5,1687.0,3730.9,84.1
Qarmaqshy,12744128.0,179381.0,179381.0,8056029.0,Qyzylorda,2016,24003.0,8995.2,2452.0,4162.0,127.6
Qarmaqshy,9167825.0,7546.0,7546.0,5050893.0,Qyzylorda,2017,23806.0,9851.9,3059.0,3891.9,127.9
Qarmaqshy,6270003.0,1212.0,1212.0,1568375.0,Qyzylorda,2018,24076.0,10455.4,2755.0,4455.9,117.9
Qarmaqshy,4570255.0,23163.0,23163.0,1868143.0,Qyzylorda,2019,22564.0,13370.2,2850.0,4776.7,103.0
Qarmaqshy,8983824.0,81391.0,81391.0,2322939.0,Qyzylorda,2020,22590.0,14359.6,3626.0,4909.8,97.2
Qarmaqshy,11277488.0,11440.0,11440.0,3703198.0,Qyzylorda,2021,22369.0,17772.3,3613.0,7427.8,174.4
Qarmaqshy,13312600.0,0.0,0.0,4192797.0,Qyzylorda,2022,21621.0,18243.5,3673.0,11881.5,116.1
Qarmaqshy,14156996.0,18043.0,0.0,6808809.0,Qyzylorda,2023,21567.0,21365.6,8929.0,13940.1,96.3
Qarmaqshy,18464252.0,227395.0,45101.0,7751526.0,Qyzylorda,2024,21309.0,,,,
Qazaly,4827323.0,2120843.0,2120843.0,4827323.0,Qyzylorda,2014,33414.0,7425.8,10695.0,9272.1,90.7
Qazaly,10966468.0,27799.0,27799.0,9063608.0,Qyzylorda,2015,35735.0,9974.6,11099.0,9989.0,84.1
Qazaly,3404696.0,196970.0,196970.0,1530318.0,Qyzylorda,2016,34475.0,10703.0,11709.0,11337.2,127.6
Qazaly,11099655.0,0.0,0.0,3829071.0,Qyzylorda,2017,33515.0,10941.0,10970.0,12315.4,127.9
Qazaly,30936761.0,43039.0,43039.0,24777008.0,Qyzylorda,2018,33446.0,12899.3,12315.0,13766.8,117.9
Qazaly,38110170.0,45311.0,45311.0,30827824.0,Qyzylorda,2019,34127.0,15824.9,14218.0,14854.4,103.0
Qazaly,14508605.0,428.0,0.0,5660657.0,Qyzylorda,2020,34419.0,18006.3,16061.0,15670.7,97.2
Qazaly,14717739.0,0.0,0.0,5742191.0,Qyzylorda,2021,34112.0,21623.9,17742.0,20458.4,174.4
Qazaly,18702229.0,0.0,0.0,9821755.0,Qyzylorda,2022,32412.0,24358.6,19801.0,24193.0,116.1
Qazaly,26527708.0,0.0,0.0,17335321.0,Qyzylorda,2023,32788.0,29456.9,26410.0,28459.4,96.3
Qazaly,26967907.0,0.0,0.0,13688619.0,Qyzylorda,2024,30360.0,,,,
Qyzylorda city,75977586.0,57209823.0,12691020.0,45852834.0,Qyzylorda,2014,117188.0,5502.8,902266.0,133532.7,90.7
Qyzylorda city,97869493.0,29471815.0,3950893.0,39678456.0,Qyzylorda,2015,117039.0,5859.4,480895.0,138875.1,84.1
Qyzylorda city,121603333.0,24598160.0,3106879.0,56510028.0,Qyzylorda,2016,115342.0,5717.5,508938.0,163398.6,127.6
Qyzylorda city,82283308.0,23038298.0,3526065.0,40156914.0,Qyzylorda,2017,117629.0,6311.0,591397.0,186805.0,127.9
Qyzylorda city,85709273.0,49648726.0,4127649.0,45391344.0,Qyzylorda,2018,119749.0,7463.1,801798.0,208357.2,117.9
Qyzylorda city,106839896.0,49601314.0,8190690.0,45094577.0,Qyzylorda,2019,123745.0,8613.9,694477.0,227873.1,103.0
Qyzylorda city,113714624.0,39023041.0,5679308.0,39073168.0,Qyzylorda,2020,127497.0,9958.4,479702.0,246294.6,97.2
Qyzylorda city,109874643.0,63545588.0,29128297.0,45345224.0,Qyzylorda,2021,128538.0,13104.6,592170.0,269236.3,174.4
Qyzylorda city,168712567.0,33334175.0,5504960.0,104817387.0,Qyzylorda,2022,140924.0,14126.6,634614.0,316295.4,116.1
Qyzylorda city,202339415.0,35522665.0,16292195.0,114885241.0,Qyzylorda,2023,140294.0,15167.5,649939.0,377656.6,96.3
Qyzylorda city,261360833.0,27092102.0,10235035.0,166374751.0,Qyzylorda,2024,144503.0,,,,
Shieli,10657043.0,1185998.0,909230.0,9178257.0,Qyzylorda,2014,36552.0,15515.4,26668.0,9356.5,90.7
Shieli,18292249.0,253970.0,50203.0,14310686.0,Qyzylorda,2015,34867.0,15950.6,26732.0,10072.7,84.1
Shieli,9659786.0,737835.0,426632.0,2460783.0,Qyzylorda,2016,35124.0,17369.1,24965.0,12131.5,127.6
Shieli,12869514.0,10066070.0,9905895.0,7215114.0,Qyzylorda,2017,36415.0,19726.3,22839.0,14033.2,127.9
Shieli,15971161.0,27932063.0,27768449.0,5824414.0,Qyzylorda,2018,37615.0,24470.2,24313.0,15943.1,117.9
Shieli,30285345.0,30848772.0,30441808.0,21390992.0,Qyzylorda,2019,36156.0,28609.4,31406.0,17214.9,103.0
Shieli,13626257.0,208237.0,24422.0,3784887.0,Qyzylorda,2020,34621.0,31216.5,42095.0,18014.6,97.2
Shieli,15895259.0,3560516.0,778554.0,7432120.0,Qyzylorda,2021,34352.0,36117.0,61080.0,19929.3,174.4
Shieli,20164858.0,15941321.0,12706364.0,9854329.0,Qyzylorda,2022,34406.0,40675.4,69675.0,23785.9,116.1
Shieli,38928764.0,20079563.0,10811908.0,11027134.0,Qyzylorda,2023,34668.0,45135.3,70531.0,28105.5,96.3
Shieli,53644890.0,21747930.0,11329865.0,17022712.0,Qyzylorda,2024,34799.0,,,,
Syrdarya,20743872.0,19337237.0,3014407.0,7327792.0,Qyzylorda,2014,17624.0,7379.4,1719.0,1607.2,90.7
Syrdarya,17680297.0,8509776.0,767366.0,2499908.0,Qyzylorda,2015,18574.0,9556.2,1880.0,1669.2,84.1
Syrdarya,11692010.0,5910720.0,525833.0,926233.0,Qyzylorda,2016,17803.0,9454.1,1035.0,1969.1,127.6
Syrdarya,36478794.0,16101988.0,687609.0,22760771.0,Qyzylorda,2017,17118.0,10212.8,1370.0,1959.8,127.9
Syrdarya,21511983.0,17812709.0,856072.0,2275848.0,Qyzylorda,2018,16584.0,11808.3,1897.0,2166.2,117.9
Syrdarya,46451118.0,21204993.0,4168630.0,29426989.0,Qyzylorda,2019,16729.0,15136.3,2366.0,2320.2,103.0
Syrdarya,18358859.0,17688247.0,4917864.0,774551.0,Qyzylorda,2020,15891.0,16553.0,4869.0,2280.5,97.2
Syrdarya,16599852.0,6946699.0,1454196.0,1095163.0,Qyzylorda,2021,15749.0,21084.8,6540.0,2502.5,174.4
Syrdarya,29609792.0,17433090.0,10189597.0,2887071.0,Qyzylorda,2022,14613.0,20757.2,58386.0,3415.3,116.1
Syrdarya,36352571.0,24821454.0,8666883.0,5468690.0,Qyzylorda,2023,15199.0,27109.1,65899.0,3993.3,96.3
Syrdarya,52223645.0,33001171.0,13860799.0,13446588.0,Qyzylorda,2024,15418.0,,,,
Zhalagash,3837183.0,360572.0,360572.0,3503755.0,Qyzylorda,2014,16663.0,11123.1,2250.0,2351.8,90.7
Zhalagash,2740667.0,309099.0,53059.0,896773.0,Qyzylorda,2015,16239.0,12505.2,2835.0,2362.1,84.1
Zhalagash,1903171.0,103739.0,103739.0,567631.0,Qyzylorda,2016,16674.0,12036.1,3318.0,2883.3,127.6
Zhalagash,5853208.0,54950.0,20493.0,1254298.0,Qyzylorda,2017,16862.0,13381.5,4387.0,3477.1,127.9
Zhalagash,9789679.0,33999.0,33999.0,3500032.0,Qyzylorda,2018,16346.0,15337.9,5636.0,3814.1,117.9
Zhalagash,7941386.0,7541756.0,7541756.0,1292580.0,Qyzylorda,2019,15055.0,20833.9,8651.0,4095.0,103.0
Zhalagash,12563812.0,10678745.0,10678745.0,1663948.0,Qyzylorda,2020,13912.0,22917.0,7557.0,4194.4,97.2
Zhalagash,9235947.0,405783.0,405783.0,1933345.0,Qyzylorda,2021,14192.0,25543.8,11014.0,4580.9,174.4
Zhalagash,10002603.0,1836857.0,704936.0,2936195.0,Qyzylorda,2022,13926.0,27434.6,33606.0,5332.3,116.1
Zhalagash,15288103.0,2456414.0,375258.0,3534062.0,Qyzylorda,2023,14108.0,33315.7,37526.0,6189.2,96.3
Zhalagash,19981344.0,1377344.0,91809.0,5128521.0,Qyzylorda,2024,13898.0,,,,
Zhanaqorgan,11063714.0,1369077.0,,,Qyzylorda,2014,34695.0,9614.0,43873.0,5789.6,90.7
Zhanaqorgan,10705155.0,596699.0,63278.0,5510785.0,Qyzylorda,2015,31152.0,11152.3,69199.0,5835.9,84.1
Zhanaqorgan,13876189.0,3278213.0,371879.0,1862829.0,Qyzylorda,2016,32691.0,10830.1,108456.0,6808.0,127.6
Zhanaqorgan,20705333.0,3272877.0,180005.0,4450567.0,Qyzylorda,2017,34646.0,12444.0,87411.0,6459.3,127.9
Zhanaqorgan,28524603.0,2705810.0,180345.0,3721300.0,Qyzylorda,2018,34108.0,14675.9,82345.0,7213.8,117.9
Zhanaqorgan,25072798.0,2564664.0,143664.0,5840721.0,Qyzylorda,2019,33675.0,18034.8,82419.0,7789.8,103.0
Zhanaqorgan,21941045.0,4974442.0,2184181.0,4666736.0,Qyzylorda,2020,32536.0,20997.8,83495.0,7824.9,97.2
Zhanaqorgan,24498182.0,8098287.0,1243975.0,7468753.0,Qyzylorda,2021,33221.0,24565.6,98861.0,8606.5,174.4
Zhanaqorgan,24263958.0,28925808.0,237603.0,6080286.0,Qyzylorda,2022,29488.0,28907.2,127138.0,10041.9,116.1
Zhanaqorgan,41359062.0,30251786.0,645223.0,8033978.0,Qyzylorda,2023,30119.0,30155.2,143361.0,11733.0,96.3
Zhanaqorgan,64434601.0,21249098.0,552909.0,13469373.0,Qyzylorda,2024,29662.0,,,,
Aqtau city,70722105.0,23099914.0,,,Mangystau,2014,100.3,302.0,137878.0,127922.6,89.5
Aqtau city,101670181.0,27233265.0,,,Mangystau,2015,98.0,405.1,143037.0,123444.2,89.1
Aqtau city,77875569.0,17056060.0,9779214.0,65099707.0,Mangystau,2016,93.5,311.2,184741.0,174583.0,118.8
Aqtau city,74691639.0,12030563.0,8526094.0,65652411.0,Mangystau,2017,87.0,1729.8,209461.0,126268.9,125.6
Aqtau city,132102390.0,17454026.0,14408729.0,114517207.0,Mangystau,2018,89.4,810.8,202937.0,153906.0,112.2
Aqtau city,128695717.0,24557785.0,16871036.0,108601917.0,Mangystau,2019,90.3,1132.0,210815.0,180049.4,103.3
Aqtau city,215037792.0,21953009.0,18149435.0,169043986.0,Mangystau,2020,86.4,642.0,214044.0,229000.0,111.8
Aqtau city,222100089.0,9961593.0,8563016.0,180747428.0,Mangystau,2021,98.6,678.2,221383.1,254244.9,155.0
Aqtau city,218048627.0,25711687.0,12388580.0,192124360.0,Mangystau,2022,118.5,730.3,250140.8,324421.8,95.8
Aqtau city,175881692.0,13570108.0,8564440.0,130314507.0,Mangystau,2023,119.7,739.0,315056.5,419159.9,117.2
Aqtau city,237219541.0,19429367.0,14401722.0,152907882.0,Mangystau,2024,124.4,,,,
Beineu,54056184.0,646663.0,,,Mangystau,2014,20.2,1598.5,67224.0,3821.0,89.5
Beineu,28646556.0,497821.0,,,Mangystau,2015,23.1,2167.7,47054.0,10145.3,89.1
Beineu,61544034.0,966382.0,216958.0,40523334.0,Mangystau,2016,24.1,2565.4,59053.0,13613.8,118.8
Beineu,38521161.0,3457055.0,38999.0,26152839.0,Mangystau,2017,23.4,2838.9,51732.0,11016.0,125.6
Beineu,26061857.0,4382692.0,430002.0,8837780.0,Mangystau,2018,22.6,3166.9,77676.0,17714.8,112.2
Beineu,29187156.0,7253513.0,0.0,10121684.0,Mangystau,2019,23.3,3911.9,81697.0,13930.9,103.3
Beineu,28034759.0,4905884.0,0.0,20084331.0,Mangystau,2020,27.6,3827.5,165809.0,8149.5,111.8
Beineu,38960006.0,8310763.0,0.0,27985192.0,Mangystau,2021,24.9,4014.1,85874.0,10894.7,155.0
Beineu,28451255.0,9336046.0,130642.0,11481157.0,Mangystau,2022,26.0,4700.9,80176.0,14785.9,95.8
Beineu,88023964.0,15798225.0,3264844.0,74331025.0,Mangystau,2023,25.2,4741.8,71217.5,12692.6,117.2
Beineu,52019002.0,9446725.0,1989429.0,33033139.0,Mangystau,2024,26.8,,,,
Mangystau,46543595.0,20580195.0,,,Mangystau,2014,12.8,2751.7,590549.0,4305.0,89.5
Mangystau,44245509.0,7072488.0,,,Mangystau,2015,14.8,3679.8,353115.0,2084.1,89.1
Mangystau,40781177.0,8955130.0,1060508.0,7252281.0,Mangystau,2016,13.7,4264.7,400209.0,2928.3,118.8
Mangystau,35914563.0,3046373.0,1023094.0,7360341.0,Mangystau,2017,14.7,4603.9,481209.0,16368.9,125.6
Mangystau,41729022.0,2824585.0,635233.0,3238487.0,Mangystau,2018,14.6,5506.7,581077.0,14057.6,112.2
Mangystau,54988342.0,4717105.0,577947.0,5660688.0,Mangystau,2019,14.4,6804.4,572046.0,11001.9,103.3
Mangystau,46052904.0,4373549.0,1197000.0,6170675.0,Mangystau,2020,16.2,6589.2,375780.0,1770.1,111.8
Mangystau,51735406.0,6676144.0,1713600.0,2880093.0,Mangystau,2021,16.5,6995.8,413282.0,3073.2,155.0
Mangystau,58083374.0,10802768.0,672055.0,6290257.0,Mangystau,2022,15.7,8262.6,484135.4,3677.8,95.8
Mangystau,125913628.0,15623781.0,623496.0,53597880.0,Mangystau,2023,15.4,8373.7,556321.5,5941.6,117.2
Mangystau,89894196.0,11494319.0,3586508.0,17984227.0,Mangystau,2024,15.5,,,,
Munaily,21338071.0,5279972.0,,,Mangystau,2014,43.1,844.2,51763.0,6476.2,89.5
Munaily,20883642.0,9893595.0,,,Mangystau,2015,54.3,1272.7,51138.0,4718.6,89.1
Munaily,14873232.0,3945993.0,38236.0,8990867.0,Mangystau,2016,60.0,1185.9,97933.0,3891.8,118.8
Munaily,14509362.0,1507737.0,962108.0,8932326.0,Mangystau,2017,65.6,1039.3,53001.0,11980.3,125.6
Munaily,18249052.0,3093292.0,134684.0,13550796.0,Mangystau,2018,73.6,1493.5,66530.0,23598.9,112.2
Munaily,24773742.0,5701601.0,127839.0,19385272.0,Mangystau,2019,73.8,2212.7,57350.0,21544.6,103.3
Munaily,26911682.0,2194221.0,275265.0,21752538.0,Mangystau,2020,74.4,2208.1,59072.0,5237.3,111.8
Munaily,28709843.0,6838749.0,2954756.0,21952209.0,Mangystau,2021,85.9,2516.5,65688.0,14611.1,155.0
Munaily,48724826.0,6369755.0,680333.0,35725916.0,Mangystau,2022,73.0,4082.6,69536.0,17455.2,95.8
Munaily,36854760.0,14142654.0,2676211.0,28432350.0,Mangystau,2023,71.3,6338.8,69305.7,19923.2,117.2
Munaily,53716354.0,8675918.0,6304729.0,22336378.0,Mangystau,2024,74.8,,,,
Qaraqiyan,141781033.0,3201150.0,,,Mangystau,2014,10.4,1493.1,801851.0,324.7,89.5
Qaraqiyan,104284830.0,3598930.0,,,Mangystau,2015,10.9,1978.8,520988.0,544.8,89.1
Qaraqiyan,101503055.0,2516720.0,4442.0,1582931.0,Mangystau,2016,13.2,1946.0,615141.0,1313.8,118.8
Qaraqiyan,170988940.0,3020262.0,179789.0,41353965.0,Mangystau,2017,13.7,2201.6,837441.0,1325.0,125.6
Qaraqiyan,144427378.0,3091237.0,884118.0,35657271.0,Mangystau,2018,17.8,2882.2,1071355.0,2177.8,112.2
Qaraqiyan,146141239.0,14824522.0,13205891.0,8503163.0,Mangystau,2019,11.5,3233.4,1085787.0,2483.8,103.3
Qaraqiyan,122927421.0,4993658.0,4196563.0,5701313.0,Mangystau,2020,12.3,3502.8,747426.0,1718.0,111.8
Qaraqiyan,142070309.0,751891.0,580246.0,8319566.0,Mangystau,2021,13.3,3487.4,1181322.0,1518.1,155.0
Qaraqiyan,190343834.0,3044640.0,3044640.0,13295950.0,Mangystau,2022,12.1,4399.0,1516169.6,3497.3,95.8
Qaraqiyan,272268212.0,3532650.0,3532650.0,11641271.0,Mangystau,2023,14.3,4994.7,1345407.0,5234.3,117.2
Qaraqiyan,333584851.0,13969368.0,13760512.0,108960308.0,Mangystau,2024,14.3,,,,
Tupqaragan,6347641.0,109564276.0,,,Mangystau,2014,9.9,1218.0,535047.0,345.3,89.5
Tupqaragan,9600631.0,70402398.0,,,Mangystau,2015,10.4,1532.5,330334.0,1663.4,89.1
Tupqaragan,8957454.0,41975253.0,264958.0,6949391.0,Mangystau,2016,11.5,1587.7,440234.0,2080.8,118.8
Tupqaragan,7260541.0,37592744.0,415168.0,4006071.0,Mangystau,2017,13.8,1555.7,521790.0,2923.6,125.6
Tupqaragan,18324108.0,35179258.0,1218374.0,12753660.0,Mangystau,2018,12.9,2211.4,700418.0,8704.6,112.2
Tupqaragan,18841260.0,37914610.0,839536.0,6468149.0,Mangystau,2019,13.9,2622.6,706203.0,7894.9,103.3
Tupqaragan,21899464.0,30067862.0,4901899.0,11057582.0,Mangystau,2020,12.8,2700.8,438229.0,2911.7,111.8
Tupqaragan,20037194.0,34281613.0,8183927.0,8704273.0,Mangystau,2021,12.9,4264.0,577114.0,1891.6,155.0
Tupqaragan,15752178.0,70816566.0,2087896.0,9561319.0,Mangystau,2022,16.6,6658.1,559722.8,3101.2,95.8
Tupqaragan,14557256.0,94652230.0,703368.0,7625649.0,Mangystau,2023,16.4,6404.9,501270.1,2861.2,117.2
Tupqaragan,27040664.0,90779383.0,722115.0,12891733.0,Mangystau,2024,17.5,,,,
Zhanaozen city,25748380.0,503747.0,,,Mangystau,2014,52.2,517.2,145837.0,2044.3,89.5
Zhanaozen city,26292506.0,116187.0,,,Mangystau,2015,65.8,697.7,123019.0,4076.8,89.1
Zhanaozen city,18777056.0,0.0,0.0,15108861.0,Mangystau,2016,61.8,605.2,120258.0,3940.4,118.8
Zhanaozen city,30212509.0,411.0,411.0,18052062.0,Mangystau,2017,59.7,460.6,161566.0,47283.5,125.6
Zhanaozen city,52762072.0,0.0,0.0,17195278.0,Mangystau,2018,73.9,556.1,192277.0,14506.8,112.2
Zhanaozen city,53356347.0,5293561.0,5293561.0,19127806.0,Mangystau,2019,78.2,719.3,194891.0,15713.7,103.3
Zhanaozen city,47012821.0,740.0,740.0,15248839.0,Mangystau,2020,78.7,722.6,156092.0,18169.7,111.8
Zhanaozen city,56381041.0,0.0,0.0,27196988.0,Mangystau,2021,79.6,836.2,182060.0,46350.0,155.0
Zhanaozen city,76717477.0,0.0,0.0,35389806.0,Mangystau,2022,70.8,1105.5,222226.0,24439.9,95.8
Zhanaozen city,231350685.0,0.0,0.0,171637402.0,Mangystau,2023,74.3,1122.5,206740.0,30960.0,117.2
Zhanaozen city,111688919.0,20580769.0,20371225.0,30349463.0,Mangystau,2024,74.2,,,,
Aiyrtau,,,,,North-Kazakhstan,2014,22.109,34267.5,3801.9,3889.9,107.9
Aiyrtau,4012334.0,90322.0,,,North-Kazakhstan,2015,22.937,36054.90000000001,4045.7,4030.5,102.8
Aiyrtau,6850676.0,9972.0,6147.0,2918648.0,North-Kazakhstan,2016,21.928,38050.3,6400.3,6594.0,108.4
Aiyrtau,9717739.0,29603.0,4188.0,5027309.0,North-Kazakhstan,2017,21.644,49475.2,4854.1,6122.7,103.8
Aiyrtau,11468207.0,41387.0,5862.0,7445438.0,North-Kazakhstan,2018,22.618,48492.8,5698.7,7596.9,102.0
Aiyrtau,12255032.0,41307.0,13907.0,2948605.0,North-Kazakhstan,2019,22.322,55296.555604977315,5810.8,8553.2,103.8
Aiyrtau,13226960.0,1205266.0,805003.0,1910227.0,North-Kazakhstan,2020,20.576,70727.5,6031.1,7218.6,110.1
Aiyrtau,15632006.0,654212.0,428204.0,1766988.0,North-Kazakhstan,2021,19.827,76702.6,7725.3,10690.3,114.1
Aiyrtau,17057045.0,747523.0,728546.0,2135389.0,North-Kazakhstan,2022,16.977,106350.7,6886.3,11742.2,114.8
Aiyrtau,21132682.0,579179.0,481505.0,2931049.0,North-Kazakhstan,2023,16.317,63542.8,7093.172,16775.9,103.7
Aiyrtau,27601291.0,476012.0,364162.0,10677474.0,North-Kazakhstan,2024,16.046,68959.5,6073.4,13649.9,105.0
Aqqayin,,,,,North-Kazakhstan,2014,12.201,19537.4,1902.6,2745.4,107.9
Aqqayin,7745509.0,1235623.0,,,North-Kazakhstan,2015,12.903,21547.6,3100.0,2580.8,102.8
Aqqayin,7838096.0,477031.0,477031.0,6233971.0,North-Kazakhstan,2016,13.639,23279.1,2943.9,3466.1,108.4
Aqqayin,6561685.0,127994.0,76362.0,2393192.0,North-Kazakhstan,2017,13.836,28892.8,2383.4,4133.8,103.8
Aqqayin,8456719.0,52693.0,21353.0,1015656.0,North-Kazakhstan,2018,11.691,31116.2,3616.1,5081.9,102.0
Aqqayin,11027656.0,36900.0,32050.0,955577.0,North-Kazakhstan,2019,9.74,34859.4,3555.8,5576.9,103.8
Aqqayin,14755270.0,109129.0,42817.0,1871292.0,North-Kazakhstan,2020,10.396,44359.4,4458.4,5524.5,110.1
Aqqayin,15985784.0,222505.0,3211.0,2616865.0,North-Kazakhstan,2021,10.605,59184.31008515211,5322.1,1615.6,114.1
Aqqayin,16521888.0,326630.0,0.0,3836465.0,North-Kazakhstan,2022,10.879,73117.3,5007.9,2522.4,114.8
Aqqayin,14904320.0,136401.0,0.0,2565812.0,North-Kazakhstan,2023,10.383,53614.5,8888.438,2790.9,103.7
Aqqayin,16699892.0,375215.0,35445.0,2210157.0,North-Kazakhstan,2024,10.561,60659.3,10046.3,2863.7,105.0
Aqzhar,,,,,North-Kazakhstan,2014,9.029,16040.4,973.7,1815.9,107.9
Aqzhar,1933270.0,15822.0,,,North-Kazakhstan,2015,8.733,18596.0,680.5,1947.2,102.8
Aqzhar,3516261.0,6616.0,2031.0,1004803.0,North-Kazakhstan,2016,8.411,19959.2,548.3,2757.0,108.4
Aqzhar,4100121.0,3032.0,3032.0,187489.0,North-Kazakhstan,2017,8.132,23292.8,745.3,2855.6,103.8
Aqzhar,5517172.0,8598.0,8598.0,376644.0,North-Kazakhstan,2018,8.166,27357.5,2057.4,5177.5,102.0
Aqzhar,6641902.0,6421.0,6421.0,1047641.0,North-Kazakhstan,2019,8.372,34822.78001809333,1925.5,3653.6,103.8
Aqzhar,5889054.0,89303.0,89303.0,611797.0,North-Kazakhstan,2020,8.23,46143.4,1776.8,1212.0,110.1
Aqzhar,7873736.0,4536.0,4536.0,476012.0,North-Kazakhstan,2021,7.687,51048.9,1837.3,1551.9,114.1
Aqzhar,8804228.0,22273.0,6180.0,568972.0,North-Kazakhstan,2022,7.229,53977.7,2034.9,1778.3,114.8
Aqzhar,12069994.0,0.0,0.0,252850.0,North-Kazakhstan,2023,8.132,23934.0,1784.713,2395.0,103.7
Aqzhar,15962057.0,0.0,0.0,2356262.0,North-Kazakhstan,2024,7.398,48992.3,2292.2,2080.8,105.0
Esil,,,,,North-Kazakhstan,2014,14.347,21152.7,2443.077,2633.2,107.9
Esil,3585650.0,121259.0,,,North-Kazakhstan,2015,13.818,24517.1,2657.196,3442.7,102.8
Esil,4372531.0,2600.0,2600.0,703411.0,North-Kazakhstan,2016,12.828,25801.5,2533.302,4062.6,108.4
Esil,4806199.0,269089.0,257077.0,157619.0,North-Kazakhstan,2017,12.569,31141.3,3060.064,1958.4,103.8
Esil,6781968.0,216002.0,198874.0,844551.0,North-Kazakhstan,2018,12.282,32493.1,3673.707,4830.2,102.0
Esil,6420671.0,88852.0,47780.0,577691.0,North-Kazakhstan,2019,12.003,40701.87331132789,5758.902,5031.4,103.8
Esil,7960320.0,159105.0,86277.0,777643.0,North-Kazakhstan,2020,11.226,52514.8,8874.539,5037.0,110.1
Esil,10917510.0,122792.0,29135.0,394830.0,North-Kazakhstan,2021,11.18,61254.0,11409.982,5268.8,114.1
Esil,13132867.0,30061.0,9851.0,1047184.0,North-Kazakhstan,2022,12.781,84003.4,13067.094,6637.2,114.8
Esil,15511502.0,68789.0,26138.0,1574660.0,North-Kazakhstan,2023,13.079,62357.6,10015.361,9896.6,103.7
Esil,22767762.0,58150.0,58150.0,4941625.0,North-Kazakhstan,2024,11.504,64683.8,8173.3,7274.3,105.0
Gabit Musrepov,,,,,North-Kazakhstan,2014,23.289,48817.2,16683.9,14663.3,107.9
Gabit Musrepov,31279153.0,113303.0,,,North-Kazakhstan,2015,23.305,51982.4,10914.4,12883.0,102.8
Gabit Musrepov,33736679.0,131874.0,131374.0,12353394.0,North-Kazakhstan,2016,22.151,58068.1,11396.6,14084.8,108.4
Gabit Musrepov,37078950.0,256460.0,6460.0,7767041.0,North-Kazakhstan,2017,23.01,67044.4,12398.6,16435.0,103.8
Gabit Musrepov,26770608.0,184942.0,9729.0,6613348.0,North-Kazakhstan,2018,24.026,70253.5,15926.2,15936.9,102.0
Gabit Musrepov,28632347.0,1026100.0,745133.0,7513528.0,North-Kazakhstan,2019,23.51,81893.77611100135,17431.1,20193.0,103.8
Gabit Musrepov,33547528.0,883794.0,221182.0,7761300.0,North-Kazakhstan,2020,22.736,109280.3,21773.7,19701.2,110.1
Gabit Musrepov,39526856.0,1214854.0,38092.0,6621223.0,North-Kazakhstan,2021,22.818,108734.0,28613.0,23816.3,114.1
Gabit Musrepov,45087906.0,956271.0,761.0,8436276.0,North-Kazakhstan,2022,19.182,154700.0,40818.3,30572.5,114.8
Gabit Musrepov,29059466.0,337652.0,0.0,9212258.0,North-Kazakhstan,2023,19.182,98958.8,39323.033,31122.5,103.7
Gabit Musrepov,37910202.0,425007.0,255101.0,19931892.0,North-Kazakhstan,2024,18.031,113423.8,58136.8,31502.1,105.0
Magzhan Zhumabayev,,,,,North-Kazakhstan,2014,19.155,30281.7,3342.585,4118.4,107.9
Magzhan Zhumabayev,5259113.0,22496.0,,,North-Kazakhstan,2015,18.126,34138.9,3185.285,4693.9,102.8
Magzhan Zhumabayev,6513810.0,8102.0,8102.0,4117097.0,North-Kazakhstan,2016,18.362,36787.4,3401.524,5824.5,108.4
Magzhan Zhumabayev,7256892.0,36938.0,8848.0,2166285.0,North-Kazakhstan,2017,18.321,45087.8,3439.529,4452.7,103.8
Magzhan Zhumabayev,7815699.0,37078.0,16651.0,2074605.0,North-Kazakhstan,2018,19.432,46500.9,3890.769,5249.9,102.0
Magzhan Zhumabayev,8019867.0,530042.0,83386.0,1616592.0,North-Kazakhstan,2019,18.065,57065.15647237519,4583.197,5498.1,103.8
Magzhan Zhumabayev,11142410.0,17122.0,3240.0,2115104.0,North-Kazakhstan,2020,18.507,73989.0,4496.888,5297.0,110.1
Magzhan Zhumabayev,13821357.0,60679.0,4996.0,2306880.0,North-Kazakhstan,2021,17.912,86606.8,5465.832,6818.3,114.1
Magzhan Zhumabayev,14784491.0,40271.0,0.0,1162097.0,North-Kazakhstan,2022,17.612,90423.5,4782.973,10863.6,114.8
Magzhan Zhumabayev,15628569.0,50611.0,29.0,1867775.0,North-Kazakhstan,2023,16.73,65203.0,5766.319,4793.4,103.7
Magzhan Zhumabayev,17571991.0,22541.0,0.0,3781467.0,North-Kazakhstan,2024,18.255,79381.9,5636.1,5053.3,105.0
Mamlyut,,,,,North-Kazakhstan,2014,11.28,12763.3,1535.4,4564.5,107.9
Mamlyut,2187228.0,615.0,,,North-Kazakhstan,2015,10.916,14467.0,1425.1,3863.9,102.8
Mamlyut,1649343.0,25354.0,25354.0,243339.0,North-Kazakhstan,2016,10.328,15733.600000000002,1961.8,3779.2,108.4
Mamlyut,3023666.0,5059.0,5059.0,730316.0,North-Kazakhstan,2017,9.508,19745.3,1380.4,5173.6,103.8
Mamlyut,10465465.0,8770.0,8770.0,289861.0,North-Kazakhstan,2018,9.836,20463.2,1793.2,6836.4,102.0
Mamlyut,12165602.0,8830.0,8830.0,847296.0,North-Kazakhstan,2019,9.362,27630.56823447963,2116.8,7233.3,103.8
Mamlyut,12412943.0,99456.0,99456.0,2483854.0,North-Kazakhstan,2020,9.592,33700.4,2059.7,1983.5,110.1
Mamlyut,14424979.0,3481.0,3481.0,893013.0,North-Kazakhstan,2021,8.941,40986.0,1833.6,2799.0,114.1
Mamlyut,11996571.0,0.0,0.0,1387584.0,North-Kazakhstan,2022,10.037,63484.7,2113.5,5893.4,114.8
Mamlyut,14791046.0,0.0,0.0,427409.0,North-Kazakhstan,2023,10.052,38050.1,2798.22,7267.7,103.7
Mamlyut,15449060.0,6696.0,6696.0,2389332.0,North-Kazakhstan,2024,9.29,42061.3,1803.6,5734.6,105.0
Petropavl city,,,,,North-Kazakhstan,2014,110.875,11972.1,103921.5,98800.8,107.9
Petropavl city,47762593.0,3425304.0,,,North-Kazakhstan,2015,109.868,11238.5,111835.5,98729.7,102.8
Petropavl city,51752219.0,4188749.0,4188749.0,51063340.0,North-Kazakhstan,2016,108.116,11245.8,133451.1,121540.6,108.4
Petropavl city,61861133.0,6566751.0,6566751.0,37375249.0,North-Kazakhstan,2017,105.004,13375.4,171020.7,143100.7,103.8
Petropavl city,64504051.0,8915035.0,8915035.0,30529513.0,North-Kazakhstan,2018,104.355,14443.8,162359.0,169416.2,102.0
Petropavl city,66832309.0,10702182.0,10702184.0,42681161.0,North-Kazakhstan,2019,106.377,14464.60634043983,167807.5,178582.4,103.8
Petropavl city,83505867.0,14359619.0,14359617.0,38107956.0,North-Kazakhstan,2020,109.509,16163.0,205504.0,154148.3,110.1
Petropavl city,111373331.0,12243958.0,12243958.0,74552443.0,North-Kazakhstan,2021,109.476,21371.4,260287.4,202547.1,114.1
Petropavl city,122212825.0,14840077.0,14840077.0,81207066.0,North-Kazakhstan,2022,106.496,23057.5,324673.7,232485.27,114.8
Petropavl city,185645443.0,12719627.0,12719627.0,142685249.0,North-Kazakhstan,2023,100.208,21433.2,460133.079,255982.9,103.7
Petropavl city,252391239.0,10869479.0,10869479.0,196288340.0,North-Kazakhstan,2024,99.26,19817.6,487067.1,273985.0,105.0
Qyzylzhar,,,,,North-Kazakhstan,2014,25.566,32633.7,8025.0,6682.4,107.9
Qyzylzhar,29059213.0,187485.0,,,North-Kazakhstan,2015,25.972,35077.6,11147.6,5556.9,102.8
Qyzylzhar,13157366.0,13017.0,13017.0,7786860.0,North-Kazakhstan,2016,23.629,38732.1,14128.8,5500.3,108.4
Qyzylzhar,15074852.0,185668.0,158620.0,5313964.0,North-Kazakhstan,2017,22.776,47386.7,14491.7,8883.9,103.8
Qyzylzhar,21373533.0,1459042.0,1409735.0,7178302.0,North-Kazakhstan,2018,21.551,50121.7,15627.8,11256.5,102.0
Qyzylzhar,24943709.0,231473.0,94771.0,6516607.0,North-Kazakhstan,2019,22.419,57543.99974910231,17095.7,12233.0,103.8
Qyzylzhar,26916979.0,1569822.0,1298882.0,5794955.0,North-Kazakhstan,2020,22.048,66532.7,20399.0,8716.8,110.1
Qyzylzhar,20438135.0,1603413.0,1532001.0,4485813.0,North-Kazakhstan,2021,22.386,86692.6,25355.2,10879.0,114.1
Qyzylzhar,23608952.0,407736.0,159271.0,6340885.0,North-Kazakhstan,2022,23.224,106284.9,32999.3,10739.8,114.8
Qyzylzhar,24352970.0,2592008.0,1030535.0,5669327.0,North-Kazakhstan,2023,25.533,84297.7,36624.326,10336.4,103.7
Qyzylzhar,25361849.0,5170754.0,11166.0,11717631.0,North-Kazakhstan,2024,24.565,88281.0,35043.0,11632.5,105.0
Shal Aqyn,,,,,North-Kazakhstan,2014,10.793,19361.800000000003,3420.1,2985.2,107.9
Shal Aqyn,1431583.0,5881.0,,,North-Kazakhstan,2015,10.691,20546.5,3452.2,4065.1,102.8
Shal Aqyn,4532466.0,2119.0,2119.0,105989.0,North-Kazakhstan,2016,9.456,22496.9,4097.1,4909.2,108.4
Shal Aqyn,4759441.0,7511.0,5013.0,375967.0,North-Kazakhstan,2017,9.607,23429.9,4226.7,4826.2,103.8
Shal Aqyn,5038299.0,6195.0,6195.0,337765.0,North-Kazakhstan,2018,10.673,24926.1,3355.9,5094.7,102.0
Shal Aqyn,5626271.0,7758.0,7758.0,880509.0,North-Kazakhstan,2019,10.043,30043.224634405447,3484.5,5755.2,103.8
Shal Aqyn,6655142.0,134642.0,134642.0,1035052.0,North-Kazakhstan,2020,9.163,41872.1,3385.7,5959.1,110.1
Shal Aqyn,14624186.0,326462.0,4876.0,869223.0,North-Kazakhstan,2021,8.907,51779.1,4259.3,7553.7,114.1
Shal Aqyn,16944565.0,0.0,0.0,7589630.0,North-Kazakhstan,2022,9.485,72941.5,4801.4,9344.3,114.8
Shal Aqyn,18592112.0,0.0,0.0,3542044.0,North-Kazakhstan,2023,9.6,38778.7,5588.493,17148.4,103.7
Shal Aqyn,21111897.0,235723.0,235723.0,4335881.0,North-Kazakhstan,2024,9.876,53211.0,5489.6,9806.6,105.0
Taiynsha,,,,,North-Kazakhstan,2014,28.256,52337.0,8942.0,8331.4,107.9
Taiynsha,7000914.0,37256.0,,,North-Kazakhstan,2015,28.997,54056.9,6726.4,10226.2,102.8
Taiynsha,13343191.0,2774713.0,2768875.0,8727874.0,North-Kazakhstan,2016,27.131,56652.0,8570.5,11088.5,108.4
Taiynsha,14369226.0,99391.0,39746.0,7505609.0,North-Kazakhstan,2017,22.424,69299.8,14441.2,9866.3,103.8
Taiynsha,16848246.0,316672.0,201598.0,2260408.0,North-Kazakhstan,2018,21.887,66264.2,17394.5,11726.0,102.0
Taiynsha,19850030.0,2029674.0,1320365.0,3186981.0,North-Kazakhstan,2019,22.308,83749.40700304761,25859.3,12340.4,103.8
Taiynsha,25392386.0,1270715.0,833710.0,4218721.0,North-Kazakhstan,2020,21.188,104455.3,28677.6,14363.6,110.1
Taiynsha,24662332.0,971877.0,36650.0,3227589.0,North-Kazakhstan,2021,22.008,122077.8,32869.8,14929.1,114.1
Taiynsha,28287778.0,980264.0,2108.0,5737278.0,North-Kazakhstan,2022,21.526,139859.4,56097.3,20659.4,114.8
Taiynsha,37773105.0,2249542.0,1411463.0,5032812.0,North-Kazakhstan,2023,20.568,97248.9,66928.811,24324.3,103.7
Taiynsha,31109989.0,17122239.0,17059666.0,6337395.0,North-Kazakhstan,2024,20.434,139171.6,57139.5,22417.1,105.0
Timiryazev,,,,,North-Kazakhstan,2014,7.482,15233.1,3915.7,1582.3,107.9
Timiryazev,2342432.0,507.0,,,North-Kazakhstan,2015,7.61,17610.4,5102.2,2379.6,102.8
Timiryazev,2680675.0,30095.0,30095.0,303027.0,North-Kazakhstan,2016,7.93,19026.6,5875.7,3231.8,108.4
Timiryazev,3433851.0,7040.0,7040.0,66380.0,North-Kazakhstan,2017,7.579,25284.0,5360.5,2916.2,103.8
Timiryazev,3861008.0,145829.0,4911.0,190055.0,North-Kazakhstan,2018,7.598,25462.7,4050.5,3403.1,102.0
Timiryazev,4580899.0,32469.0,21249.0,450263.0,North-Kazakhstan,2019,7.502,27612.945605875182,5011.1,3843.3,103.8
Timiryazev,5262720.0,180054.0,94764.0,653703.0,North-Kazakhstan,2020,7.294,39918.4,4526.6,3756.5,110.1
Timiryazev,8021624.0,20678.0,3098.0,607661.0,North-Kazakhstan,2021,6.812,38504.6,5099.5,4095.9,114.1
Timiryazev,9106886.0,66147.0,0.0,312650.0,North-Kazakhstan,2022,6.479,65053.7,5729.8,5048.3,114.8
Timiryazev,12252498.0,45554.0,0.0,733067.0,North-Kazakhstan,2023,6.343,35020.1,6512.954,5848.7,103.7
Timiryazev,9623344.0,8495.0,0.0,494725.0,North-Kazakhstan,2024,5.748,52942.0,6039.0,5524.5,105.0
Ualikhanov,,,,,North-Kazakhstan,2014,8.046,15144.099999999999,933.6,2642.3,107.9
Ualikhanov,2786663.0,1652.0,,,North-Kazakhstan,2015,8.133,17598.0,969.8,3215.5,102.8
Ualikhanov,3207392.0,19710.0,19710.0,1147928.0,North-Kazakhstan,2016,8.701,19379.0,1028.4,3990.4,108.4
Ualikhanov,3648828.0,6508.0,6508.0,403907.0,North-Kazakhstan,2017,8.572,22219.4,637.8,5074.8,103.8
Ualikhanov,5256742.0,3034.0,3034.0,431359.0,North-Kazakhstan,2018,10.078,22767.9,1041.1,5200.1,102.0
Ualikhanov,4827178.0,823681.0,823681.0,612630.0,North-Kazakhstan,2019,9.94,28051.869540458963,1184.0,5858.8,103.8
Ualikhanov,6323770.0,78701.0,78701.0,895528.0,North-Kazakhstan,2020,8.804,29121.2,1207.2,5665.8,110.1
Ualikhanov,7159766.0,10350.0,10350.0,549047.0,North-Kazakhstan,2021,8.811,38072.6,1425.8,4321.8,114.1
Ualikhanov,8134586.0,0.0,0.0,453102.0,North-Kazakhstan,2022,7.471,45162.3,1545.4,3476.0,114.8
Ualikhanov,9408452.0,0.0,0.0,303976.0,North-Kazakhstan,2023,7.739,24057.4,2034.616,3200.1,103.7
Ualikhanov,12571783.0,0.0,0.0,737268.0,North-Kazakhstan,2024,6.365,34761.7,1738.2,3241.5,105.0
Zhambyl,,,,,North-Kazakhstan,2014,11.353,20727.2,1360.3,2885.4,107.9
Zhambyl,1754100.0,1104507.0,,,North-Kazakhstan,2015,10.82,23382.4,1461.8,3683.9,102.8
Zhambyl,4260199.0,637644.0,1152.0,1488373.0,North-Kazakhstan,2016,10.485,26274.0,1694.6,3955.8,108.4
Zhambyl,5552465.0,73114.0,2447.0,238726.0,North-Kazakhstan,2017,12.175,32735.6,2216.5,4323.6,103.8
Zhambyl,6423297.0,55165.0,5165.0,830243.0,North-Kazakhstan,2018,12.02,34023.2,2554.1,4748.0,102.0
Zhambyl,7870817.0,341418.0,124929.0,910486.0,North-Kazakhstan,2019,11.388,36965.22001414958,1951.8,5452.9,103.8
Zhambyl,8377027.0,204050.0,202818.0,1101629.0,North-Kazakhstan,2020,10.024,48357.2,2344.9,3484.9,110.1
Zhambyl,9994116.0,10107.0,10107.0,908316.0,North-Kazakhstan,2021,9.88,57159.4,3162.1,4637.95,114.1
Zhambyl,12185999.0,384803.0,0.0,670247.0,North-Kazakhstan,2022,9.7,95186.2,3028.9,6074.47,114.8
Zhambyl,13755817.0,9346.0,0.0,943080.0,North-Kazakhstan,2023,10.664,51027.0,2754.088,7004.0,103.7
Zhambyl,15028639.0,47056.0,0.0,2645837.0,North-Kazakhstan,2024,10.369,67268.3,2396.3,6297.8,105.0
Aqquly,427606.0,0.0,,,Pavlodar,2014,8.216,10170.5,1416.0,0.1,111.9
Aqquly,732293.0,1850.0,1850.0,309229.0,Pavlodar,2015,6.876,11825.7,1242.0,0.3,106.3
Aqquly,1604265.0,0.0,0.0,241672.0,Pavlodar,2016,6.739,11522.0,1169.0,1.1,127.4
Aqquly,9858009.0,1588.0,1588.0,196876.0,Pavlodar,2017,6.568,14332.3,1276.0,2.5,109.7
Aqquly,20929641.0,0.0,0.0,700732.0,Pavlodar,2018,6.591,15704.4,1328.0,2.9,114.2
Aqquly,5542675.0,72948.0,72948.0,819106.0,Pavlodar,2019,6.798,17799.5,1463.0,,101.6
Aqquly,5736654.0,0.0,0.0,646834.0,Pavlodar,2020,6.314,19420.1,1488.0,3.1,107.6
Aqquly,6273524.0,0.0,0.0,340838.0,Pavlodar,2021,6.063,30254.3,1663.0,3.3,125.9
Aqquly,14353216.0,0.0,0.0,7058359.0,Pavlodar,2022,6.871,37514.7,336.0,0.9,102.5
Aqquly,16822963.0,0.0,0.0,9638084.0,Pavlodar,2023,6.593,32741.2,242.0,3.5,95.0
Aqquly,19703771.0,0.0,0.0,7385206.0,Pavlodar,2024,6.5,31782.8,277.0,5.5,115.5
Aqsu city,20253725.0,3669243.0,,,Pavlodar,2014,39.113,12814.4,284199.0,7.0,111.9
Aqsu city,33728026.0,2264263.0,2264021.0,17995441.0,Pavlodar,2015,38.013,12752.1,285336.0,14.6,106.3
Aqsu city,31192295.0,5131723.0,5131723.0,17708559.0,Pavlodar,2016,37.746,13385.2,387419.0,27.2,127.4
Aqsu city,46137638.0,6829184.0,6120385.0,25705970.0,Pavlodar,2017,37.398,17328.4,522505.0,23.4,109.7
Aqsu city,71657086.0,13959867.0,13810331.0,47885033.0,Pavlodar,2018,36.837,18513.3,535486.0,27.2,114.2
Aqsu city,98036534.0,17762021.0,17753695.0,73026957.0,Pavlodar,2019,36.067,19640.7,485305.0,,101.6
Aqsu city,117147842.0,1492284.0,1464688.0,58784867.0,Pavlodar,2020,34.399,24660.8,438822.0,27.7,107.6
Aqsu city,68537990.0,197587.0,137109.0,52942737.0,Pavlodar,2021,34.508,32955.0,647711.0,31.1,125.9
Aqsu city,84862058.0,198479.0,134353.0,56716903.0,Pavlodar,2022,35.903,44236.8,792091.0,37.5,102.5
Aqsu city,135259613.0,298036.0,282941.0,84725801.0,Pavlodar,2023,35.647,42357.7,681187.0,42.3,95.0
Aqsu city,164585291.0,41428.0,4565.0,71904364.0,Pavlodar,2024,36.1,41657.0,721740.0,46.2,115.5
Aqtoghay,927747.0,6265.0,,,Pavlodar,2014,7.9,7054.5,935.0,0.3,111.9
Aqtoghay,1109566.0,2491.0,2491.0,92054.0,Pavlodar,2015,6.847,7950.8,1104.0,0.6,106.3
Aqtoghay,1731285.0,15000.0,15000.0,330979.0,Pavlodar,2016,6.904,9423.8,1760.0,2.6,127.4
Aqtoghay,4457518.0,18750.0,18750.0,245745.0,Pavlodar,2017,6.774,11742.2,4103.0,3.5,109.7
Aqtoghay,5760936.0,5200.0,5200.0,1381659.0,Pavlodar,2018,6.579,13231.7,5616.0,3.9,114.2
Aqtoghay,6173642.0,8076.0,8076.0,1981258.0,Pavlodar,2019,6.508,14192.6,6192.0,4.1,101.6
Aqtoghay,8258648.0,29042.0,29042.0,861552.0,Pavlodar,2020,6.469,16941.4,8087.0,4.7,107.6
Aqtoghay,10145432.0,0.0,0.0,840059.0,Pavlodar,2021,6.221,23360.6,10421.0,5.6,125.9
Aqtoghay,12313420.0,0.0,0.0,2136461.0,Pavlodar,2022,7.053,27516.5,12313.0,6.7,102.5
Aqtoghay,15793946.0,0.0,0.0,1182839.0,Pavlodar,2023,6.842,21957.1,15794.0,9.5,95.0
Aqtoghay,17657421.0,0.0,0.0,4606678.0,Pavlodar,2024,6.8,22219.3,17657.0,7.3,115.5
Bayanauyl,6065010.0,1339029.0,,,Pavlodar,2014,16.474,9301.7,16160.0,1.0,111.9
Bayanauyl,1302231.0,1627079.0,68039.0,189106.0,Pavlodar,2015,15.722,10717.9,13363.0,1.2,106.3
Bayanauyl,3390495.0,415315.0,24286.0,1450474.0,Pavlodar,2016,14.499,11262.9,20868.0,0.9,127.4
Bayanauyl,4432024.0,506447.0,75635.0,521537.0,Pavlodar,2017,13.586,12943.1,25629.0,2.9,109.7
Bayanauyl,5997415.0,883251.0,118588.0,1139601.0,Pavlodar,2018,13.574,15712.9,32696.0,3.2,114.2
Bayanauyl,6190312.0,1852644.0,104583.0,969294.0,Pavlodar,2019,13.362,17641.0,34422.0,6.0,101.6
Bayanauyl,8949069.0,2204246.0,242563.0,1897336.0,Pavlodar,2020,13.76,19181.7,34912.0,6.8,107.6
Bayanauyl,7791840.0,2947661.0,334003.0,1498539.0,Pavlodar,2021,13.279,22458.5,42747.0,7.3,125.9
Bayanauyl,9758796.0,2238871.0,261701.0,1319517.0,Pavlodar,2022,12.18,38903.1,45741.0,9.3,102.5
Bayanauyl,17343178.0,2429500.0,168567.0,5223383.0,Pavlodar,2023,12.665,22423.0,45477.0,10.4,95.0
Bayanauyl,20952314.0,2186930.0,467705.0,11188770.0,Pavlodar,2024,12.5,23229.1,48288.0,6.3,115.5
Ekibastuz city,90754172.0,93016579.0,,,Pavlodar,2014,79.064,8041.9,342402.0,24.7,111.9
Ekibastuz city,89346150.0,162418142.0,157738762.0,65901606.0,Pavlodar,2015,78.423,8543.5,279468.0,34.7,106.3
Ekibastuz city,68096257.0,146856968.0,140706905.0,51504621.0,Pavlodar,2016,78.687,9160.3,348168.0,51.8,127.4
Ekibastuz city,92825439.0,79283347.0,8619534.0,53765242.0,Pavlodar,2017,78.768,11604.3,519761.0,55.0,109.7
Ekibastuz city,110568740.0,38822677.0,10163189.0,36228196.0,Pavlodar,2018,78.41,12761.2,601740.0,61.6,114.2
Ekibastuz city,106348972.0,55610830.0,12025811.0,37245072.0,Pavlodar,2019,79.312,13781.9,622933.0,66.5,101.6
Ekibastuz city,96757615.0,49254127.0,5346639.0,55000434.0,Pavlodar,2020,77.78,18281.8,761417.0,71.1,107.6
Ekibastuz city,151917421.0,54924845.0,5687831.0,75654152.0,Pavlodar,2021,77.52,19101.9,966850.0,78.6,125.9
Ekibastuz city,195902950.0,75797278.0,7947038.0,145588731.0,Pavlodar,2022,72.131,28267.1,1054919.0,95.3,102.5
Ekibastuz city,216953477.0,67303476.0,8845070.0,160106400.0,Pavlodar,2023,72.025,26328.8,1154601.0,137.9,95.0
Ekibastuz city,277464461.0,69477307.0,14966056.0,216699262.0,Pavlodar,2024,71.9,27770.9,1271899.0,133.1,115.5
Ertis,1960553.0,358.0,,,Pavlodar,2014,11.823,8826.8,2038.0,0.4,111.9
Ertis,1716661.0,37315.0,37315.0,127484.0,Pavlodar,2015,9.685,12979.7,1717.0,0.7,106.3
Ertis,2767352.0,0.0,0.0,218277.0,Pavlodar,2016,9.477,14850.2,1628.0,5.9,127.4
Ertis,3223694.0,14942.0,14942.0,165618.0,Pavlodar,2017,9.514,18349.3,2354.0,4.9,109.7
Ertis,4182244.0,0.0,0.0,694233.0,Pavlodar,2018,9.08,17668.7,2674.0,5.6,114.2
Ertis,6197089.0,37368.0,37368.0,400874.0,Pavlodar,2019,9.024,18475.5,3289.0,6.0,101.6
Ertis,8303951.0,52712.0,52712.0,1063310.0,Pavlodar,2020,8.721,30285.9,4121.0,6.2,107.6
Ertis,9951567.0,714.0,714.0,889600.0,Pavlodar,2021,8.323,42898.6,5204.0,11.9,125.9
Ertis,14963577.0,0.0,0.0,895552.0,Pavlodar,2022,9.524,44332.6,2539.0,14.0,102.5
Ertis,15937983.0,0.0,0.0,717679.0,Pavlodar,2023,9.825,26632.8,3207.0,5.4,95.0
Ertis,22819024.0,0.0,0.0,2645583.0,Pavlodar,2024,9.5,43855.5,3087.0,9.9,115.5
May,817657.0,109788.0,,,Pavlodar,2014,6.97,5824.7,1845.0,0.3,111.9
May,4491157.0,49677.0,56.0,3359451.0,Pavlodar,2015,6.062,6655.2,3112.0,0.5,106.3
May,4601080.0,28412.0,7161.0,3414940.0,Pavlodar,2016,5.932,6944.4,4344.0,0.6,127.4
May,4920872.0,254986.0,2260.0,2018264.0,Pavlodar,2017,5.499,8096.4,4550.0,4.1,109.7
May,8208191.0,2946.0,1666.0,3117367.0,Pavlodar,2018,5.243,9931.3,3610.0,4.3,114.2
May,11005863.0,4058.0,4058.0,2415384.0,Pavlodar,2019,5.324,11977.1,3323.0,4.1,101.6
May,11572231.0,0.0,0.0,1350618.0,Pavlodar,2020,5.154,14465.2,3151.0,4.9,107.6
May,12867939.0,0.0,0.0,2428755.0,Pavlodar,2021,5.092,16673.1,4882.0,5.3,125.9
May,17622362.0,0.0,0.0,3215119.0,Pavlodar,2022,5.584,33502.9,4903.0,6.2,102.5
May,14429362.0,0.0,0.0,5690618.0,Pavlodar,2023,5.519,17678.3,2202.0,6.9,95.0
May,20586033.0,0.0,0.0,3889398.0,Pavlodar,2024,5.4,22137.4,1893.0,8.4,115.5
Pavlodar,6698681.0,375315.0,,,Pavlodar,2014,18.164,20952.6,3615.0,1.7,111.9
Pavlodar,5645372.0,147198.0,16034.0,181122.0,Pavlodar,2015,14.459,21151.8,4632.0,6.4,106.3
Pavlodar,9278655.0,378456.0,49739.0,843963.0,Pavlodar,2016,14.673,24552.1,4574.0,0.9,127.4
Pavlodar,9555127.0,837068.0,0.0,517892.0,Pavlodar,2017,13.869,28370.0,4354.0,3.7,109.7
Pavlodar,5171493.0,2862406.0,5607.0,1841861.0,Pavlodar,2018,14.237,37328.8,4286.0,4.1,114.2
Pavlodar,7979178.0,293004.0,11820.0,1679499.0,Pavlodar,2019,14.022,30880.2,5017.0,4.9,101.6
Pavlodar,9993638.0,1089238.0,374251.0,1202028.0,Pavlodar,2020,14.403,37073.0,3776.0,5.3,107.6
Pavlodar,14232761.0,3216788.0,0.0,1452162.0,Pavlodar,2021,13.402,53416.1,6070.0,5.7,125.9
Pavlodar,19024035.0,2947370.0,0.0,1294592.0,Pavlodar,2022,14.797,75076.6,5238.0,8.2,102.5
Pavlodar,19574489.0,1514511.0,0.0,2344117.0,Pavlodar,2023,14.358,62953.5,4874.0,10.8,95.0
Pavlodar,20948396.0,1607374.0,0.0,10737008.0,Pavlodar,2024,14.4,70055.8,4680.0,6.8,115.5
Pavlodar city,91479461.0,18631916.0,,,Pavlodar,2014,187.023,11980.0,447600.0,244.7,111.9
Pavlodar city,117818244.0,14574662.0,14569094.0,76991895.0,Pavlodar,2015,186.914,8770.1,441639.0,205.5,106.3
Pavlodar city,131566971.0,17210176.0,17204541.0,110955565.0,Pavlodar,2016,186.633,7874.0,587011.0,211.7,127.4
Pavlodar city,189541440.0,26073599.0,26035168.0,170230754.0,Pavlodar,2017,185.856,9900.7,683282.0,233.1,109.7
Pavlodar city,137443049.0,24020868.0,23913052.0,108010224.0,Pavlodar,2018,185.047,10528.2,786893.0,239.2,114.2
Pavlodar city,118585513.0,26868725.0,26454867.0,86465720.0,Pavlodar,2019,183.186,11736.9,813581.0,255.3,101.6
Pavlodar city,113667988.0,20997858.0,20862144.0,69267321.0,Pavlodar,2020,183.276,15553.2,849673.0,274.8,107.6
Pavlodar city,192669386.0,22047414.0,22003370.0,151885843.0,Pavlodar,2021,182.914,19823.1,1083209.0,296.9,125.9
Pavlodar city,209848279.0,34031947.0,33874871.0,180062090.0,Pavlodar,2022,183.49,22926.4,1269565.0,343.7,102.5
Pavlodar city,200269791.0,22407678.0,21188352.0,162973886.0,Pavlodar,2023,184.41,22716.0,1206403.0,420.9,95.0
Pavlodar city,372966210.0,34266603.0,34138197.0,268298576.0,Pavlodar,2024,186.3,22738.2,1330851.0,454.0,115.5
Sharbaqty,2192238.0,0.0,,,Pavlodar,2014,13.248,11687.6,4381.0,6.8,111.9
Sharbaqty,1886840.0,0.0,0.0,427394.0,Pavlodar,2015,11.712,13222.8,5297.0,8.1,106.3
Sharbaqty,2157169.0,123924.0,123924.0,295558.0,Pavlodar,2016,11.176,16283.0,6739.0,7.0,127.4
Sharbaqty,3131749.0,57085.0,14288.0,133853.0,Pavlodar,2017,11.104,19424.3,6220.0,7.8,109.7
Sharbaqty,6028583.0,113393.0,5764.0,1171964.0,Pavlodar,2018,10.788,19920.6,6434.0,8.4,114.2
Sharbaqty,5869300.0,47572.0,18450.0,968368.0,Pavlodar,2019,10.522,23007.9,7615.0,8.8,101.6
Sharbaqty,7419981.0,28004.0,0.0,1631479.0,Pavlodar,2020,10.685,25215.1,6829.0,9.5,107.6
Sharbaqty,8397399.0,98532.0,0.0,2385057.0,Pavlodar,2021,10.831,37555.3,10511.0,10.3,125.9
Sharbaqty,13961345.0,39831.0,2700.0,4598241.0,Pavlodar,2022,10.566,34545.0,7196.0,12.5,102.5
Sharbaqty,16913012.0,60011.0,1295.0,3373961.0,Pavlodar,2023,10.48,32022.0,6571.0,16.3,95.0
Sharbaqty,17949832.0,136845.0,0.0,1673597.0,Pavlodar,2024,10.2,39755.7,6810.0,13.4,115.5
Terengkol,4044206.0,137.0,,,Pavlodar,2014,13.443,9172.1,1749.0,1.4,111.9
Terengkol,4206705.0,17860.0,1522.0,378701.0,Pavlodar,2015,12.568,13972.1,2240.0,2.8,106.3
Terengkol,2785247.0,239794.0,83631.0,271097.0,Pavlodar,2016,12.06,17102.1,2264.0,5.4,127.4
Terengkol,3838933.0,140109.0,489.0,340683.0,Pavlodar,2017,11.442,21907.6,2927.0,5.5,109.7
Terengkol,6420068.0,81164.0,0.0,1130540.0,Pavlodar,2018,11.389,22675.5,3619.0,9.8,114.2
Terengkol,7433716.0,266513.0,87481.0,1816460.0,Pavlodar,2019,11.218,23294.8,4614.0,10.3,101.6
Terengkol,9544239.0,92828.0,33986.0,5109411.0,Pavlodar,2020,11.167,34023.8,5321.0,11.0,107.6
Terengkol,10254681.0,245513.0,56295.0,2930572.0,Pavlodar,2021,10.978,50594.0,5690.0,10.8,125.9
Terengkol,11277768.0,0.0,0.0,1750752.0,Pavlodar,2022,10.708,44963.2,3041.0,13.2,102.5
Terengkol,9301047.0,120846.0,0.0,944880.0,Pavlodar,2023,11.442,31341.0,3520.0,14.8,95.0
Terengkol,20637236.0,5223.0,0.0,8641080.0,Pavlodar,2024,11.2,41269.7,2828.0,12.5,115.5
Uspen,2149379.0,165.0,,,Pavlodar,2014,7.963,8086.3,1708.0,1.1,111.9
Uspen,1797229.0,12877.0,8889.0,255814.0,Pavlodar,2015,7.796,11245.3,2222.0,2.1,106.3
Uspen,1981364.0,0.0,0.0,226299.0,Pavlodar,2016,7.159,13978.5,2137.0,4.5,127.4
Uspen,3740246.0,3091.0,3091.0,117800.0,Pavlodar,2017,6.727,14961.3,2333.0,4.3,109.7
Uspen,4929141.0,8448.0,8448.0,698312.0,Pavlodar,2018,6.677,15626.9,1960.0,4.6,114.2
Uspen,6253297.0,77249.0,77249.0,398813.0,Pavlodar,2019,6.346,15550.4,2191.0,4.8,101.6
Uspen,6364916.0,11803.0,11803.0,532063.0,Pavlodar,2020,6.441,20932.4,2397.0,5.1,107.6
Uspen,7593478.0,0.0,0.0,970415.0,Pavlodar,2021,6.101,37740.5,2753.0,5.7,125.9
Uspen,11202628.0,0.0,0.0,1491573.0,Pavlodar,2022,6.875,28181.5,1084.0,6.8,102.5
Uspen,9251800.0,0.0,0.0,1652627.0,Pavlodar,2023,6.477,20054.4,1130.0,5.1,95.0
Uspen,13167648.0,0.0,0.0,2016203.0,Pavlodar,2024,6.7,33277.3,1200.0,7.3,115.5
Zhelezin,1854842.0,1025627.0,,,Pavlodar,2014,10.875,11080.2,2575.0,0.7,111.9
Zhelezin,2506373.0,787210.0,1434.0,281690.0,Pavlodar,2015,10.059,12620.9,3021.0,0.8,106.3
Zhelezin,2484316.0,1246380.0,14397.0,221282.0,Pavlodar,2016,9.453,15203.6,3821.0,2.7,127.4
Zhelezin,3811327.0,438983.0,2726.0,881658.0,Pavlodar,2017,9.285,15462.1,2787.0,3.7,109.7
Zhelezin,4426464.0,596213.0,12500.0,1228422.0,Pavlodar,2018,8.888,18889.4,2481.0,4.6,114.2
Zhelezin,5251915.0,788041.0,236107.0,1824079.0,Pavlodar,2019,8.85,18443.5,3047.0,4.9,101.6
Zhelezin,6535942.0,470946.0,285739.0,2045243.0,Pavlodar,2020,8.562,26109.9,2883.0,4.7,107.6
Zhelezin,7991939.0,544134.0,235110.0,2048911.0,Pavlodar,2021,8.503,41363.0,3830.0,5.1,125.9
Zhelezin,11974373.0,250000.0,250000.0,2351431.0,Pavlodar,2022,8.503,57499.9,2108.0,17.9,102.5
Zhelezin,13067639.0,2422520.0,370200.0,3676540.0,Pavlodar,2023,8.872,31114.4,1760.0,5.2,95.0
Zhelezin,13994296.0,2738400.0,0.0,2824956.0,Pavlodar,2024,8.7,32158.7,1974.0,7.9,115.5
Abay,,,,,Shymkent-city,2014,,,,,
Abay,,,,,Shymkent-city,2015,,,,,
Abay,,,,,Shymkent-city,2016,,,,,
Abay,,,,,Shymkent-city,2017,,8950.9,62475.8,92642.9,
Abay,,,,,Shymkent-city,2018,98.8,8929.9,65812.2,102466.1,110.3
Abay,,,,,Shymkent-city,2019,103.0,11899.8,81365.0,149997.4,102.6
Abay,52845300.0,1839874.0,1778842.0,33210392.0,Shymkent-city,2020,102.7,12799.5,82024.0,158474.0,105.2
Abay,85849484.0,7438504.0,7438504.0,54808163.0,Shymkent-city,2021,104.1,15485.4,99039.4,188600.5,115.9
Abay,92594589.0,9001322.0,9001322.0,70565782.0,Shymkent-city,2022,118.6,15259.0,128292.2,230193.4,103.2
Abay,183358677.0,7446606.0,7446606.0,158356204.0,Shymkent-city,2023,122.5,18235.4,80890.0,274594.1,105.0
Abay,228255557.0,21466031.0,21466031.0,172558643.0,Shymkent-city,2024,,,,,
Al-Farabi,,,,,Shymkent-city,2014,,,,,
Al-Farabi,,,,,Shymkent-city,2015,,,,,
Al-Farabi,,,,,Shymkent-city,2016,,,,,
Al-Farabi,,,,,Shymkent-city,2017,,946.9,81903.9,129281.7,
Al-Farabi,,,,,Shymkent-city,2018,73.6,1461.6,82337.2,151051.2,110.3
Al-Farabi,,,,,Shymkent-city,2019,85.3,1383.4,84283.8,141013.5,102.6
Al-Farabi,21259575.0,5216243.0,5216243.0,14793294.0,Shymkent-city,2020,83.9,2096.5,116446.0,146275.5,105.2
Al-Farabi,65539007.0,5373116.0,,,Shymkent-city,2021,85.1,2536.4,134337.2,177990.7,115.9
Al-Farabi,88601724.0,4204018.0,4204018.0,73571354.0,Shymkent-city,2022,79.9,2499.3,152011.6,232109.6,103.2
Al-Farabi,54877060.0,11935455.0,11935455.0,42692836.0,Shymkent-city,2023,79.6,2986.8,130283.3,273263.7,105.0
Al-Farabi,66548779.0,15603392.0,7858733.0,50758424.0,Shymkent-city,2024,,,,,
Enbekshi,,,,,Shymkent-city,2014,,,,,
Enbekshi,,,,,Shymkent-city,2015,,,,,
Enbekshi,,,,,Shymkent-city,2016,,,,,
Enbekshi,,,,,Shymkent-city,2017,,4718.0,213681.9,65349.1,
Enbekshi,,,,,Shymkent-city,2018,123.0,6082.0,272184.7,71178.8,110.3
Enbekshi,,,,,Shymkent-city,2019,127.3,6399.3,322838.4,91937.8,102.6
Enbekshi,36718167.0,5702964.0,5702734.0,30886929.0,Shymkent-city,2020,127.7,8716.9,360711.0,130994.2,105.2
Enbekshi,115191941.0,12161715.0,12161145.0,103341760.0,Shymkent-city,2021,128.0,10546.0,450238.3,130488.8,115.9
Enbekshi,106910209.0,4246338.0,3996338.0,90457533.0,Shymkent-city,2022,104.0,10391.8,542328.9,171945.4,103.2
Enbekshi,82780458.0,8695525.0,8695525.0,69359916.0,Shymkent-city,2023,106.5,12418.8,658681.8,226717.3,105.0
Enbekshi,95071936.0,6155085.0,6155085.0,77437949.0,Shymkent-city,2024,,,,,
Qaratau,,,,,Shymkent-city,2014,,,,,
Qaratau,,,,,Shymkent-city,2015,,,,,
Qaratau,,,,,Shymkent-city,2016,,,,,
Qaratau,,,,,Shymkent-city,2017,,10019.9,53722.5,22108.0,
Qaratau,,,,,Shymkent-city,2018,90.0,9214.5,71858.9,35343.7,110.3
Qaratau,,,,,Shymkent-city,2019,94.2,9773.0,85069.8,49769.2,102.6
Qaratau,154788011.0,137149.0,137149.0,73698680.0,Shymkent-city,2020,96.0,13167.2,111349.0,60170.7,105.2
Qaratau,169176115.0,1323066.0,1323066.0,104570126.0,Shymkent-city,2021,97.1,15930.4,129258.8,97973.7,115.9
Qaratau,241604841.0,2454782.0,2454782.0,148371006.0,Shymkent-city,2022,123.5,15697.5,143474.8,119418.4,103.2
Qaratau,292159435.0,498148.0,498148.0,209671045.0,Shymkent-city,2023,124.8,18759.4,174040.0,101257.9,105.0
Qaratau,285798116.0,526361.0,526361.0,178333700.0,Shymkent-city,2024,,,,,
Turan,,,,,Shymkent-city,2014,,,,,
Turan,,,,,Shymkent-city,2015,,,,,
Turan,,,,,Shymkent-city,2016,,,,,
Turan,,,,,Shymkent-city,2017,,,,,
Turan,,,,,Shymkent-city,2018,,,,,110.3
Turan,,,,,Shymkent-city,2019,,,,,102.6
Turan,,,,,Shymkent-city,2020,,,,,105.2
Turan,,,,,Shymkent-city,2021,,,,,115.9
Turan,,,,,Shymkent-city,2022,,,,,103.2
Turan,18849230.0,1139679.0,1139679.0,17308173.0,Shymkent-city,2023,,,45998.0,78109.0,105.0
Turan,45985127.0,661958.0,661958.0,38445429.0,Shymkent-city,2024,,,,,
Arys city,8244208.0,434050.0,434050.0,2270985.0,Turkistan,2014,29053.0,9727.9,6086.0,4313.0,105.4
Arys city,6024011.0,42748.0,42748.0,1601384.0,Turkistan,2015,30638.0,10649.0,7335.3,4574.5,101.8
Arys city,9801380.0,89480.0,89480.0,8758883.0,Turkistan,2016,29573.0,11192.2,7402.6,5372.3,110.3
Arys city,5829919.0,1288.0,1288.0,1849635.0,Turkistan,2017,31137.0,13138.9,8813.0,5810.2,108.6
Arys city,7634123.0,92510.0,92510.0,2754515.0,Turkistan,2018,30188.0,13219.7,4865.0,6453.9,98.6
Arys city,16998133.0,289040.0,202916.0,4058632.0,Turkistan,2019,30671.0,15572.4,3749.0,6978.5,102.7
Arys city,9068918.0,5582576.0,5582576.0,3795370.0,Turkistan,2020,31351.0,19206.8,4731.0,7367.9,105.1
Arys city,8962831.0,285774.0,285774.0,6129503.0,Turkistan,2021,29356.0,19779.8,5985.0,8391.0,106.0
Arys city,13163094.0,2239924.0,2239924.0,7169112.0,Turkistan,2022,30620.0,20951.49,7524.0,9772.8,112.4
Arys city,23050053.0,2992905.0,2992905.0,12941737.0,Turkistan,2023,30544.0,19877.4,10843.0,11213.3,107.2
Arys city,27145423.0,1165127.0,86252.0,11819500.0,Turkistan,2024,,21458.3,10317.0,9893.8,101.5
Baidibek,3963324.0,305626.0,283554.0,2335461.0,Turkistan,2014,25459.0,14919.3,2498.0,2195.7,105.4
Baidibek,4061328.0,156196.0,28242.0,2728568.0,Turkistan,2015,24887.0,14774.9,2337.0,2332.9,101.8
Baidibek,2776857.0,2062760.0,2043320.0,2776857.0,Turkistan,2016,24636.0,15589.6,2567.0,2828.0,110.3
Baidibek,8435992.0,25719328.0,436170.0,1711279.0,Turkistan,2017,22868.0,17785.9,3128.0,3142.8,108.6
Baidibek,5209741.0,24148277.0,13499.0,1391392.0,Turkistan,2018,19964.0,19090.3,2064.0,2493.6,98.6
Baidibek,9636958.0,15192431.0,22485.0,1870957.0,Turkistan,2019,20386.0,21945.7,1825.0,2725.3,102.7
Baidibek,6395929.0,3722405.0,121788.0,2340000.0,Turkistan,2020,22291.0,26903.8,1118.0,2754.9,105.1
Baidibek,4123279.0,10382633.0,3260520.0,1749226.0,Turkistan,2021,22189.0,28254.8,1321.0,4206.5,106.0
Baidibek,9894451.0,11681454.0,7850481.0,4943540.0,Turkistan,2022,18821.0,326069.0,566.0,4896.0,112.4
Baidibek,23974563.0,1254940.0,1037540.0,8512849.0,Turkistan,2023,16972.0,31447.2,997.0,6814.8,107.2
Baidibek,35396609.0,132267.0,132267.0,6213244.0,Turkistan,2024,,36501.7,923.0,8135.1,101.5
Keles,,,,,Turkistan,2014,0.0,,,,105.4
Keles,,,,,Turkistan,2015,0.0,,,,101.8
Keles,,,,,Turkistan,2016,0.0,,,,110.3
Keles,,,,,Turkistan,2017,0.0,,,,108.6
Keles,5635864.0,10426.0,10426.0,1115835.0,Turkistan,2018,54630.0,35310.7,3177.0,4575.2,98.6
Keles,8312503.0,81415.0,81415.0,2577564.0,Turkistan,2019,56714.0,39267.4,4047.0,4872.1,102.7
Keles,12383897.0,180274.0,180274.0,3931908.0,Turkistan,2020,59554.0,48972.9,4076.0,4900.3,105.1
Keles,12254203.0,853519.0,71759.0,3712333.0,Turkistan,2021,59380.0,60538.2,5060.0,7380.2,106.0
Keles,17691704.0,782.0,782.0,10461687.0,Turkistan,2022,54459.0,63621.89,3695.0,10178.2,112.4
Keles,22477808.0,15737.0,15737.0,10891974.0,Turkistan,2023,53181.0,66501.4,5014.0,15124.4,107.2
Keles,46803061.0,1375748.0,66517.0,20895815.0,Turkistan,2024,,69444.0,5392.0,13486.2,101.5
Kentau city,5657478.0,27960.0,27960.0,1858103.0,Turkistan,2014,40075.0,2542.1,21449.8,4622.9,105.4
Kentau city,7419568.0,14096.0,14096.0,2835028.0,Turkistan,2015,37771.0,2740.5,21166.8,4919.9,101.8
Kentau city,7854900.0,14084.0,14084.0,7832185.0,Turkistan,2016,36682.0,2813.5,23827.6,5841.3,110.3
Kentau city,6296375.0,211010.0,9184.0,2062101.0,Turkistan,2017,36539.0,3242.1,26368.0,6718.6,108.6
Kentau city,14206996.0,345007.0,29337.0,5660502.0,Turkistan,2018,84887.0,51336.5,29772.0,8816.8,98.6
Kentau city,24047457.0,445773.0,402087.0,7208588.0,Turkistan,2019,84789.0,60835.5,32797.0,9565.2,102.7
Kentau city,47315153.0,9925834.0,9925834.0,15838119.0,Turkistan,2020,81192.0,7911.0,38373.0,9524.6,105.1
Kentau city,19447233.0,33848018.0,33595458.0,13876157.0,Turkistan,2021,37747.0,10353.4,32811.0,10979.6,106.0
Kentau city,26000238.0,3707235.0,3617482.0,18612259.0,Turkistan,2022,35381.0,10393.91,41188.0,12770.0,112.4
Kentau city,37238137.0,9191951.0,7894349.0,27048249.0,Turkistan,2023,32746.0,11531.2,43747.0,14859.8,107.2
Kentau city,27844088.0,1659416.0,1576687.0,10697514.0,Turkistan,2024,,12350.1,51209.0,13262.0,101.5
Maqtaaral,9958601.0,1848.0,1848.0,2005901.0,Turkistan,2014,123485.0,72649.4,9997.0,8071.1,105.4
Maqtaaral,12063485.0,1591.0,1591.0,3121235.0,Turkistan,2015,122195.0,74952.4,9335.0,8461.8,101.8
Maqtaaral,12560531.0,24835.0,24835.0,11985115.0,Turkistan,2016,116822.0,79917.6,10096.0,10262.5,110.3
Maqtaaral,12784623.0,525935.0,525935.0,4261720.0,Turkistan,2017,119498.0,83126.6,12113.0,11577.1,108.6
Maqtaaral,6440880.0,4721.0,4721.0,1406675.0,Turkistan,2018,51318.0,42373.1,8248.0,4227.1,98.6
Maqtaaral,15575025.0,3363675.0,2856675.0,3252088.0,Turkistan,2019,53062.0,42467.7,10668.0,4471.9,102.7
Maqtaaral,29599770.0,2977390.0,2460224.0,10319184.0,Turkistan,2020,52287.0,48263.4,16719.0,4608.3,105.1
Maqtaaral,19103352.0,2816964.0,2755276.0,8248304.0,Turkistan,2021,52756.0,72623.4,15851.0,5800.1,106.0
Maqtaaral,20407624.0,2079729.0,2079729.0,6661436.0,Turkistan,2022,47721.0,72854.51,13214.0,6727.7,112.4
Maqtaaral,27875588.0,5147268.0,5147268.0,11286995.0,Turkistan,2023,46462.0,68797.8,26540.0,7713.9,107.2
Maqtaaral,38633114.0,7945091.0,7682091.0,10634631.0,Turkistan,2024,,80620.8,20152.0,8067.2,101.5
Ordabasy,13313421.0,1276451.0,1276451.0,2755001.0,Turkistan,2014,54957.0,29688.2,12158.0,3940.5,105.4
Ordabasy,16064043.0,50965.0,50965.0,10778540.0,Turkistan,2015,53803.0,28898.6,11858.0,4183.4,101.8
Ordabasy,12185234.0,43189.0,43189.0,9924310.0,Turkistan,2016,50673.0,31998.5,16177.0,5058.5,110.3
Ordabasy,13301102.0,146470.0,146470.0,4576214.0,Turkistan,2017,46912.0,32144.7,13967.0,5648.4,108.6
Ordabasy,13902703.0,959574.0,959574.0,3946415.0,Turkistan,2018,49062.0,35356.4,18020.0,6007.8,98.6
Ordabasy,18636134.0,581124.0,581124.0,6289275.0,Turkistan,2019,47216.0,42624.6,20955.0,6352.3,102.7
Ordabasy,17252946.0,191894.0,191894.0,8316992.0,Turkistan,2020,46800.0,52553.8,22853.0,6485.2,105.1
Ordabasy,23110149.0,46694.0,46694.0,7186089.0,Turkistan,2021,45584.0,65393.5,27749.0,7826.8,106.0
Ordabasy,33942102.0,57135.0,57135.0,11758028.0,Turkistan,2022,47459.0,61730.49,30500.0,9074.6,112.4
Ordabasy,35266050.0,1525446.0,1525446.0,17527357.0,Turkistan,2023,48721.0,61889.4,34579.0,10427.2,107.2
Ordabasy,45378774.0,62409.0,62409.0,20154499.0,Turkistan,2024,,71172.8,45273.0,14229.2,101.5
Otyrar,9832731.0,1875807.0,1875807.0,485125.0,Turkistan,2014,26287.0,10754.4,15623.0,1986.0,105.4
Otyrar,10333683.0,2197725.0,62806.0,1772919.0,Turkistan,2015,25285.0,12359.9,14409.0,2036.9,101.8
Otyrar,11095434.0,2337328.0,24025.0,9049776.0,Turkistan,2016,25355.0,13339.2,15014.0,2345.7,110.3
Otyrar,8209170.0,5689694.0,240601.0,4549701.0,Turkistan,2017,25104.0,15384.4,15027.0,2834.9,108.6
Otyrar,9996119.0,4626876.0,566.0,4575272.0,Turkistan,2018,24789.0,19215.2,12791.0,3370.8,98.6
Otyrar,11080952.0,3821755.0,71230.0,2546861.0,Turkistan,2019,24326.0,22102.9,13529.0,3767.7,102.7
Otyrar,9335386.0,1696062.0,43779.0,1936344.0,Turkistan,2020,23827.0,27208.1,12072.0,3784.0,105.1
Otyrar,10910690.0,6129585.0,4133327.0,3425630.0,Turkistan,2021,23144.0,32620.0,14873.0,4119.3,106.0
Otyrar,18302306.0,6645891.0,3023180.0,4652705.0,Turkistan,2022,20485.0,351959.0,18220.0,4773.4,112.4
Otyrar,15528238.0,20971561.0,16550365.0,3192131.0,Turkistan,2023,22392.0,35125.1,20290.0,5450.5,107.2
Otyrar,37933694.0,3491042.0,0.0,16908529.0,Turkistan,2024,,37382.6,29173.0,3954.4,101.5
Qazygurt,7029188.0,5775863.0,5775863.0,1815216.0,Turkistan,2014,46297.0,28102.4,5632.0,4907.5,105.4
Qazygurt,11318366.0,69394.0,69394.0,4884335.0,Turkistan,2015,46333.0,28145.0,4762.0,5229.8,101.8
Qazygurt,15141865.0,112061.0,112061.0,13692908.0,Turkistan,2016,46648.0,30546.3,5919.0,6331.8,110.3
Qazygurt,17053355.0,25051.0,25051.0,10454103.0,Turkistan,2017,46588.0,32759.9,7254.0,6284.7,108.6
Qazygurt,17797320.0,981573.0,535923.0,10338570.0,Turkistan,2018,46458.0,36179.7,6850.0,4850.3,98.6
Qazygurt,19634192.0,216935.0,216935.0,5689519.0,Turkistan,2019,44900.0,39579.8,6611.0,5132.6,102.7
Qazygurt,15076116.0,253285.0,253285.0,6924319.0,Turkistan,2020,41384.0,49936.8,9424.0,4998.4,105.1
Qazygurt,18223029.0,184858.0,184858.0,7612147.0,Turkistan,2021,42983.0,58224.5,12601.0,6199.1,106.0
Qazygurt,22912859.0,153349.0,153349.0,14352804.0,Turkistan,2022,43214.0,57895.69,11886.0,7322.1,112.4
Qazygurt,34285673.0,0.0,0.0,19287216.0,Turkistan,2023,45095.0,59595.9,12653.0,8348.8,107.2
Qazygurt,43506108.0,0.0,0.0,22996258.0,Turkistan,2024,,71981.1,15412.0,17502.5,101.5
Sairam,24007027.0,26348546.0,26348546.0,17273260.0,Turkistan,2014,141189.0,48666.6,22348.0,18348.5,105.4
Sairam,10771228.0,6204274.0,6204274.0,5599197.0,Turkistan,2015,65505.0,44625.8,18257.0,19472.0,101.8
Sairam,17275927.0,174286.0,174286.0,16076822.0,Turkistan,2016,71276.0,51476.8,28955.0,24027.3,110.3
Sairam,20831394.0,5977.0,5977.0,4882226.0,Turkistan,2017,77114.0,54258.9,37919.0,24285.1,108.6
Sairam,20076081.0,444295.0,444295.0,5974447.0,Turkistan,2018,77593.0,63903.6,27910.0,26688.3,98.6
Sairam,36895627.0,1949512.0,60268.0,19216669.0,Turkistan,2019,80576.0,74106.8,27752.0,33664.0,102.7
Sairam,29490110.0,1370961.0,791592.0,16117660.0,Turkistan,2020,82461.0,87041.3,33882.0,33494.2,105.1
Sairam,27454230.0,211081.0,211081.0,16151736.0,Turkistan,2021,80494.0,107253.9,38085.0,37623.2,106.0
Sairam,39540105.0,3034.0,3034.0,26830164.0,Turkistan,2022,88480.0,104797.69,55043.0,49667.2,112.4
Sairam,52424521.0,43703.0,0.0,35328568.0,Turkistan,2023,90274.0,116787.4,53501.0,58542.3,107.2
Sairam,69212861.0,2438246.0,21500.0,53117687.0,Turkistan,2024,,145145.3,58385.0,49277.7,101.5
Saryagash,20866500.0,7215988.0,7215988.0,9020514.0,Turkistan,2014,131096.0,73297.2,21993.0,16580.5,105.4
Saryagash,14156238.0,1518952.0,1518952.0,3387565.0,Turkistan,2015,132432.0,69089.2,22858.0,17642.1,101.8
Saryagash,22287787.0,143524.0,143524.0,22031352.0,Turkistan,2016,134796.0,91787.2,27873.0,21130.2,110.3
Saryagash,27305090.0,3530497.0,3308778.0,7461983.0,Turkistan,2017,129433.0,86547.2,27223.0,24016.3,108.6
Saryagash,19579769.0,1551917.0,1551917.0,8875394.0,Turkistan,2018,73394.0,58652.6,22659.0,27221.2,98.6
Saryagash,38227943.0,379544.0,379544.0,14145189.0,Turkistan,2019,76799.0,70303.1,28015.0,29032.5,102.7
Saryagash,20765310.0,1097023.0,1097023.0,6442718.0,Turkistan,2020,70134.0,92768.6,25988.0,30534.8,105.1
Saryagash,16353804.0,284114.0,284114.0,7237199.0,Turkistan,2021,70952.0,104867.0,25585.0,34656.1,106.0
Saryagash,22330906.0,4494007.0,4494007.0,9112460.0,Turkistan,2022,78206.0,100525.81,30100.0,45089.8,112.4
Saryagash,32257900.0,2953317.0,2953317.0,11361357.0,Turkistan,2023,79758.0,123654.6,26508.0,54452.8,107.2
Saryagash,68922401.0,5178523.0,5178523.0,23980193.0,Turkistan,2024,,133559.8,27855.0,71962.3,101.5
Sauran,,,,,Turkistan,2014,0.0,,,,105.4
Sauran,,,,,Turkistan,2015,0.0,,,,101.8
Sauran,,,,,Turkistan,2016,0.0,,,,110.3
Sauran,,,,,Turkistan,2017,0.0,,,,108.6
Sauran,,,,,Turkistan,2018,0.0,,,,98.6
Sauran,,,,,Turkistan,2019,0.0,,,,102.7
Sauran,,,,,Turkistan,2020,0.0,65567.3,,,105.1
Sauran,10736025.0,1755566.0,1755566.0,4444211.0,Turkistan,2021,43041.0,82487.4,9047.0,1044.4,106.0
Sauran,25459916.0,525792.0,525792.0,11990569.0,Turkistan,2022,41180.0,79479.59,7633.0,1220.6,112.4
Sauran,29510187.0,333455.0,333455.0,10425527.0,Turkistan,2023,37929.0,86259.8,12386.0,1596.9,107.2
Sauran,66182097.0,194677.0,194677.0,21030365.0,Turkistan,2024,,89015.3,15816.0,4249.6,101.5
Shardara,4672129.0,12544997.0,12544997.0,904866.0,Turkistan,2014,36347.0,16707.9,6119.0,7001.8,105.4
Shardara,5486861.0,14692635.0,14692635.0,1305370.0,Turkistan,2015,34245.0,21144.9,7009.0,7232.6,101.8
Shardara,7026873.0,20753103.0,20753103.0,6625191.0,Turkistan,2016,34261.0,21770.4,7252.0,7979.2,110.3
Shardara,9087365.0,18152079.0,18152079.0,4150189.0,Turkistan,2017,33709.0,25260.5,7500.0,7997.1,108.6
Shardara,19990394.0,7045459.0,7038894.0,16142077.0,Turkistan,2018,31073.0,29781.6,6533.0,5735.0,98.6
Shardara,13964596.0,4591855.0,4586355.0,5977736.0,Turkistan,2019,30144.0,32784.0,7686.0,6067.8,102.7
Shardara,30549409.0,1578708.0,1568065.0,18023640.0,Turkistan,2020,30159.0,36339.7,12395.0,5994.4,105.1
Shardara,26604933.0,3124657.0,3122322.0,16651286.0,Turkistan,2021,28825.0,53857.0,12177.0,6520.6,106.0
Shardara,32239303.0,3257081.0,3257081.0,18816524.0,Turkistan,2022,31697.0,615089.0,17569.0,7622.9,112.4
Shardara,23676681.0,2602103.0,2602103.0,11675264.0,Turkistan,2023,31825.0,55265.1,22386.0,8604.2,107.2
Shardara,36000875.0,6146158.0,6146158.0,11193037.0,Turkistan,2024,,60777.6,21626.0,6437.8,101.5
Shymkent city,154790266.0,17861645.0,17289353.0,95983918.0,Turkistan,2014,286313.0,16590.8,244268.6,241549.4,105.4
Shymkent city,185467238.0,15869515.0,15726875.0,135932262.0,Turkistan,2015,351124.0,20755.8,281531.6,227256.3,101.8
Shymkent city,140820152.0,17347235.0,16719680.0,139090675.0,Turkistan,2016,357960.0,22548.6,335761.7,270276.7,110.3
Shymkent city,184572708.0,22160404.0,22156799.0,132682508.0,Turkistan,2017,355780.0,24357.3,247761.546,202281.2,108.6
Shymkent city,,,,,Turkistan,2018,0.0,,,,98.6
Shymkent city,,,,,Turkistan,2019,0.0,,,,102.7
Shymkent city,,,,,Turkistan,2020,0.0,,,,105.1
Shymkent city,,,,,Turkistan,2021,0.0,,,,106.0
Shymkent city,,,,,Turkistan,2022,0.0,,,,112.4
Shymkent city,,,,,Turkistan,2023,0.0,,,,107.2
Shymkent city,,,,,Turkistan,2024,,,,,101.5
Sozaq,33628016.0,9347402.0,62648.0,6902184.0,Turkistan,2014,26234.0,9539.6,186242.0,3338.1,105.4
Sozaq,28780697.0,18982290.0,1431897.0,3687345.0,Turkistan,2015,26243.0,9927.7,219216.0,3440.8,101.8
Sozaq,21078560.0,10960891.0,556887.0,7743793.0,Turkistan,2016,26002.0,9866.8,255018.0,3784.7,110.3
Sozaq,25743873.0,13265146.0,0.0,8284279.0,Turkistan,2017,29466.0,11242.0,194111.0,4451.7,108.6
Sozaq,26101161.0,14778841.0,1795.0,4839982.0,Turkistan,2018,28704.0,12824.3,228868.0,5505.5,98.6
Sozaq,26012893.0,25249109.0,11396757.0,4887208.0,Turkistan,2019,26919.0,13273.4,282474.0,6233.0,102.7
Sozaq,25355360.0,14506836.0,6298732.0,6414007.0,Turkistan,2020,26779.0,14609.1,289499.0,6289.7,105.1
Sozaq,32899221.0,19945419.0,145035.0,6890786.0,Turkistan,2021,25512.0,17884.1,419677.0,7575.8,106.0
Sozaq,38923693.0,22291033.0,264.0,7662870.0,Turkistan,2022,25064.0,17330.59,547457.0,8852.5,112.4
Sozaq,92069819.0,51861015.0,15990.0,10423657.0,Turkistan,2023,24571.0,19002.2,647833.0,10126.8,107.2
Sozaq,165803999.0,74691459.0,1443106.0,13976183.0,Turkistan,2024,,19635.6,749791.0,6939.8,101.5
Tolebi,18382445.0,349976.0,349976.0,6898796.0,Turkistan,2014,58558.0,25845.2,20433.0,8542.9,105.4
Tolebi,10180132.0,58828.0,58828.0,5394616.0,Turkistan,2015,47820.0,26517.6,21624.0,9430.9,101.8
Tolebi,7831526.0,748370.0,748370.0,7150825.0,Turkistan,2016,43631.0,29265.9,21577.0,11126.5,110.3
Tolebi,12421966.0,415015.0,415015.0,4226400.0,Turkistan,2017,48645.0,31660.0,24694.0,11048.5,108.6
Tolebi,11462319.0,536763.0,536763.0,5460066.0,Turkistan,2018,48092.0,35107.4,31740.0,7869.9,98.6
Tolebi,11279661.0,1096777.0,697777.0,5116831.0,Turkistan,2019,48704.0,39055.8,32410.0,8516.3,102.7
Tolebi,13162929.0,487102.0,487102.0,4931105.0,Turkistan,2020,47744.0,48168.9,34825.0,8484.7,105.1
Tolebi,15561282.0,1177288.0,1177288.0,5296596.0,Turkistan,2021,46159.0,57344.7,45448.0,9986.3,106.0
Tolebi,23049611.0,3546.0,3546.0,13688050.0,Turkistan,2022,47179.0,51602.89,40747.0,12569.5,112.4
Tolebi,33797140.0,304806.0,304806.0,19488660.0,Turkistan,2023,47235.0,54169.7,46562.0,14531.2,107.2
Tolebi,43086768.0,155876.0,155876.0,23980570.0,Turkistan,2024,,54869.6,64967.0,23530.8,101.5
Tulkibas,15428960.0,15633586.0,15633586.0,11699905.0,Turkistan,2014,49212.0,24387.1,17410.0,7054.5,105.4
Tulkibas,16222339.0,95572.0,95572.0,12224236.0,Turkistan,2015,48929.0,25300.0,17009.0,7383.1,101.8
Tulkibas,17181109.0,160871.0,160871.0,16522109.0,Turkistan,2016,51272.0,28548.5,17977.0,8923.2,110.3
Tulkibas,18204906.0,1617.0,1617.0,14025849.0,Turkistan,2017,54253.0,31298.8,22031.0,9876.6,108.6
Tulkibas,18647383.0,543755.0,543755.0,8613940.0,Turkistan,2018,53212.0,34624.2,17258.0,10388.6,98.6
Tulkibas,18578331.0,1466009.0,1466009.0,6929552.0,Turkistan,2019,38819.0,38441.3,13539.0,11145.3,102.7
Tulkibas,15239728.0,233861.0,233861.0,5239441.0,Turkistan,2020,43553.0,44818.4,12980.0,11309.3,105.1
Tulkibas,12161372.0,788089.0,787911.0,4712640.0,Turkistan,2021,44641.0,53140.4,13251.0,12358.1,106.0
Tulkibas,18453089.0,113275.0,113275.0,10102005.0,Turkistan,2022,40671.0,48801.59,15678.0,14320.6,112.4
Tulkibas,21164175.0,1521029.0,1521029.0,16253277.0,Turkistan,2023,40660.0,51045.2,16993.0,16499.0,107.2
Tulkibas,32669962.0,1728262.0,1728262.0,18934008.0,Turkistan,2024,,52766.2,18191.0,10920.7,101.5
Turkistan city,19779288.0,831526.0,831526.0,8989299.0,Turkistan,2014,88671.0,36269.1,11745.6,18770.9,105.4
Turkistan city,19070007.0,188421.0,188421.0,9272937.0,Turkistan,2015,84851.0,37013.1,11701.7,19910.4,101.8
Turkistan city,20359843.0,319548.0,315798.0,19067029.0,Turkistan,2016,97657.0,39738.2,13634.0,24469.6,110.3
Turkistan city,17355303.0,4760949.0,4760949.0,8603940.0,Turkistan,2017,77836.0,43086.2,12870.0,27731.4,108.6
Turkistan city,25820755.0,2492467.0,2492467.0,17042265.0,Turkistan,2018,50400.0,5503.4,9757.0,37404.9,98.6
Turkistan city,99178308.0,2830808.0,2830808.0,30780395.0,Turkistan,2019,58295.0,2923.9,11289.0,41567.5,102.7
Turkistan city,298968372.0,68592216.0,68592216.0,119278706.0,Turkistan,2020,59632.0,6903.0,16451.0,43463.9,105.1
Turkistan city,283967602.0,7465970.0,7465970.0,145936099.0,Turkistan,2021,61751.0,7954.0,20045.0,55734.2,106.0
Turkistan city,298413557.0,6488827.0,6488827.0,129604584.0,Turkistan,2022,74229.0,7707.71,22284.0,66398.3,112.4
Turkistan city,304491831.0,19056853.0,19056853.0,157021279.0,Turkistan,2023,79424.0,9010.5,29340.0,79469.4,107.2
Turkistan city,394295238.0,5953140.0,5203140.0,253617684.0,Turkistan,2024,,10678.4,34794.0,92310.9,101.5
Zhetysay,,,,,Turkistan,2014,0.0,,,,105.4
Zhetysay,,,,,Turkistan,2015,0.0,,,,101.8
Zhetysay,,,,,Turkistan,2016,0.0,,,,110.3
Zhetysay,,,,,Turkistan,2017,0.0,,,,108.6
Zhetysay,7009297.0,3052.0,3052.0,2341932.0,Turkistan,2018,65238.0,56228.0,8131.0,15952.9,98.6
Zhetysay,11599281.0,0.0,0.0,2678644.0,Turkistan,2019,62019.0,58722.1,7608.0,17910.0,102.7
Zhetysay,10944444.0,7826.0,7826.0,2915803.0,Turkistan,2020,60216.0,66707.7,7797.0,18344.4,105.1
Zhetysay,28687170.0,392968.0,92968.0,23088271.0,Turkistan,2021,63109.0,98466.8,8236.0,21453.3,106.0
Zhetysay,14907457.0,146485.0,146485.0,2314467.0,Turkistan,2022,67301.0,99198.79,18394.0,25164.7,112.4
Zhetysay,19942162.0,3100.0,3100.0,3619627.0,Turkistan,2023,72809.0,93656.7,18297.0,29770.7,107.2
Zhetysay,39409037.0,4344866.0,4344866.0,7252512.0,Turkistan,2024,,107915.5,18490.0,28360.6,101.5
Aqzhaiyq,2057680.0,123909.0,,,West-Kazakhstan,2014,22.726,11421.2,1616.4,5083.5,90.8
Aqzhaiyq,2678248.0,93097.0,52.0,2666748.0,West-Kazakhstan,2015,22.086,11959.7,1818.9,6505.3,75.1
Aqzhaiyq,1266422.0,120180.0,0.0,656276.0,West-Kazakhstan,2016,22.794,13439.2,1783.6,8080.0,109.5
Aqzhaiyq,2438136.0,597357.0,519044.0,310457.0,West-Kazakhstan,2017,22.275,14809.3,3122.0,14532.0,143.7
Aqzhaiyq,3197514.0,335036.0,286644.0,727590.0,West-Kazakhstan,2018,21.796,16105.5,2898.3,5725.0,116.5
Aqzhaiyq,4349596.0,120174.0,81773.0,699368.0,West-Kazakhstan,2019,21.394,19158.9,1671.2,7030.0,102.6
Aqzhaiyq,7667786.0,532082.0,528974.0,1930710.0,West-Kazakhstan,2020,20.939,21857.7,1535.9,4612.3,75.0
Aqzhaiyq,6040981.0,167720.0,167720.0,2266951.0,West-Kazakhstan,2021,21.125,28821.2,1826.9,9859.5,123.9
Aqzhaiyq,9905614.0,143928.0,143928.0,5016280.0,West-Kazakhstan,2022,18.802,31439.0,1395.9,6138.1,93.1
Aqzhaiyq,8161800.0,2788038.0,2788038.0,3485481.0,West-Kazakhstan,2023,18.17,34622.82609387128,1610.1,3167.7,105.6
Aqzhaiyq,15369101.0,0.0,0.0,5092953.0,West-Kazakhstan,2024,,,,,
Baiterek,37978330.0,12442235.0,,,West-Kazakhstan,2014,29.74,21410.6,160460.0,5510.9,90.8
Baiterek,50349997.0,34822461.0,419163.0,11814614.0,West-Kazakhstan,2015,28.852,21344.2,98393.0,5204.3,75.1
Baiterek,34476213.0,71288997.0,3690443.0,3878077.0,West-Kazakhstan,2016,30.581,27977.9,128772.2,8518.0,109.5
Baiterek,9269763.0,90428694.0,1504620.0,3487536.0,West-Kazakhstan,2017,29.767,29426.8,141618.8,10403.0,143.7
Baiterek,9723076.0,82176808.0,508696.0,3262088.0,West-Kazakhstan,2018,30.892,28871.7,169062.1,9279.2,116.5
Baiterek,12175612.0,134969967.0,2535798.0,3580247.0,West-Kazakhstan,2019,31.241,39062.2,175429.3,6613.0,102.6
Baiterek,22439626.0,8237956.0,1657438.0,7863998.0,West-Kazakhstan,2020,31.692,47031.5,115642.5,8571.2,75.0
Baiterek,36781369.0,13252287.0,210783.0,9149052.0,West-Kazakhstan,2021,32.237,52541.0,141076.0,10118.0,123.9
Baiterek,20661098.0,5502904.0,48446.0,6598927.0,West-Kazakhstan,2022,31.609,79051.0,125946.3,11933.2,93.1
Baiterek,25596734.0,14651922.0,3748752.0,7265772.0,West-Kazakhstan,2023,32.621,73477.27843941428,113990.2,14317.4,105.6
Baiterek,22972364.0,24399334.0,66804.0,10787548.0,West-Kazakhstan,2024,,,,,
Bokey Orda,375069.0,63.0,,,West-Kazakhstan,2014,8.874,5607.2,1071.1,2031.6,90.8
Bokey Orda,340996.0,503.0,503.0,340996.0,West-Kazakhstan,2015,7.8,6002.5,991.3,2256.7,75.1
Bokey Orda,467670.0,136211.0,136211.0,236745.0,West-Kazakhstan,2016,8.354,6454.6,560.6,2906.3,109.5
Bokey Orda,2212677.0,0.0,0.0,258869.0,West-Kazakhstan,2017,7.922,7117.2,1160.2,3768.5,143.7
Bokey Orda,2760259.0,331106.0,331106.0,310358.0,West-Kazakhstan,2018,7.679,7562.2,752.2,4044.1,116.5
Bokey Orda,2128162.0,701476.0,701476.0,937365.0,West-Kazakhstan,2019,7.832,9074.1,394.8,508.1,102.6
Bokey Orda,3774993.0,348992.0,348992.0,275779.0,West-Kazakhstan,2020,7.792,9870.3,520.5,503.1,75.0
Bokey Orda,7135707.0,0.0,0.0,169498.0,West-Kazakhstan,2021,7.377,12335.8,474.0,658.5,123.9
Bokey Orda,6912241.0,132130.0,132130.0,246981.0,West-Kazakhstan,2022,7.039,14152.1,141.0,633.4,93.1
Bokey Orda,11284443.0,0.0,0.0,912390.0,West-Kazakhstan,2023,7.055,13183.599969922805,353.9,797.8,105.6
Bokey Orda,10138019.0,0.0,0.0,1567911.0,West-Kazakhstan,2024,,,,,
Borili,9580632.0,122053832.0,,,West-Kazakhstan,2014,32.25,6743.7,1557569.4,12466.7,90.8
Borili,17110983.0,175335745.0,13069902.0,13332881.0,West-Kazakhstan,2015,31.403,6235.5,1084839.6,16668.0,75.1
Borili,16420165.0,200675425.0,11577015.0,13926192.0,West-Kazakhstan,2016,31.432,7313.0,1301437.6,21839.7,109.5
Borili,17928907.0,193550059.0,16752902.0,12621423.0,West-Kazakhstan,2017,31.006,7850.2,1613884.0,20352.2,143.7
Borili,24056544.0,200278332.0,8806885.0,16715953.0,West-Kazakhstan,2018,31.159,6771.6,2131783.6,22549.3,116.5
Borili,15641857.0,290204719.0,894777.0,12650408.0,West-Kazakhstan,2019,31.611,7905.4,2015630.4,17195.6,102.6
Borili,19014502.0,247520839.0,2077375.0,8142281.0,West-Kazakhstan,2020,31.515,8586.7,1503235.9,16148.7,75.0
Borili,24259696.0,190330750.0,5012089.0,10072317.0,West-Kazakhstan,2021,31.087,10801.7,2467430.5,21681.5,123.9
Borili,21604057.0,297080936.0,4952169.0,12029483.0,West-Kazakhstan,2022,32.645,11975.5,3521325.6,36653.9,93.1
Borili,31661356.0,352783343.0,3373892.0,10918217.0,West-Kazakhstan,2023,32.031,11708.186154693316,3122281.4,23090.0,105.6
Borili,30645881.0,315331750.0,3469954.0,11804669.0,West-Kazakhstan,2024,,,,,
Oral city,47272139.0,4440158.0,,,West-Kazakhstan,2014,127.655,7668.4,112712.3,155852.5,90.8
Oral city,49126684.0,7520772.0,4274337.0,45319728.0,West-Kazakhstan,2015,130.62,7305.2,109328.5,140754.3,75.1
Oral city,45231096.0,7176777.0,5831003.0,31512724.0,West-Kazakhstan,2016,133.914,7552.2,128115.0,170637.3,109.5
Oral city,57836374.0,9364187.0,9284003.0,36319184.0,West-Kazakhstan,2017,137.314,9110.2,148308.4,185138.5,143.7
Oral city,80031898.0,12726539.0,7570861.0,61901321.0,West-Kazakhstan,2018,139.437,8259.4,166312.5,207137.4,116.5
Oral city,78432032.0,9880982.0,9735041.0,54053712.0,West-Kazakhstan,2019,140.73,9123.3,191997.5,262850.9,102.6
Oral city,94566273.0,12985432.0,12633635.0,51858532.0,West-Kazakhstan,2020,140.836,11094.3,193113.6,269895.6,75.0
Oral city,91677753.0,11475021.0,11057173.0,63898744.0,West-Kazakhstan,2021,141.826,13133.6,221471.4,325015.0,123.9
Oral city,85097511.0,4435319.0,3862201.0,68303824.0,West-Kazakhstan,2022,158.659,18155.4,257456.9,384713.2,93.1
Oral city,138402138.0,8561629.0,7953841.0,92176596.0,West-Kazakhstan,2023,161.645,14857.035598051867,269234.1,427599.6,105.6
Oral city,169271036.0,10674786.0,9531042.0,103831417.0,West-Kazakhstan,2024,,,,,
Qaratobe,2866867.0,179755.0,,,West-Kazakhstan,2014,8.273,3912.5,839.5,1632.8,90.8
Qaratobe,620799.0,0.0,0.0,620799.0,West-Kazakhstan,2015,7.476,4200.2,891.0,1976.3,75.1
Qaratobe,314011.0,1100.0,1100.0,109335.0,West-Kazakhstan,2016,8.086,5359.9,826.4,2714.0,109.5
Qaratobe,1218336.0,0.0,0.0,119794.0,West-Kazakhstan,2017,7.997,5174.7,983.6,2996.7,143.7
Qaratobe,923330.0,0.0,0.0,81320.0,West-Kazakhstan,2018,7.854,5257.4,461.3,5644.2,116.5
Qaratobe,1254872.0,395568.0,395568.0,714628.0,West-Kazakhstan,2019,7.805,6245.1,373.8,1896.4,102.6
Qaratobe,2110760.0,16215.0,16215.0,243529.0,West-Kazakhstan,2020,7.748,8178.8,392.8,532.0,75.0
Qaratobe,2557332.0,0.0,0.0,233778.0,West-Kazakhstan,2021,7.462,9686.4,406.4,266.3,123.9
Qaratobe,1517819.0,16586.0,16586.0,122517.0,West-Kazakhstan,2022,6.681,10874.6,99.1,725.2,93.1
Qaratobe,3016002.0,1401123.0,1401123.0,160350.0,West-Kazakhstan,2023,6.368,11575.957890873207,132.6,617.0,105.6
Qaratobe,6738263.0,0.0,0.0,3102114.0,West-Kazakhstan,2024,,,,,
Qaztalov,8139282.0,1506.0,,,West-Kazakhstan,2014,15.216,9545.8,423.0,3093.5,90.8
Qaztalov,2951895.0,14609.0,14609.0,2951895.0,West-Kazakhstan,2015,13.662,9863.6,474.8,3427.3,75.1
Qaztalov,4784649.0,27665.0,27665.0,1198595.0,West-Kazakhstan,2016,14.216,12323.2,577.7,4515.5,109.5
Qaztalov,6104403.0,0.0,0.0,1756453.0,West-Kazakhstan,2017,14.313,13120.8,1006.1,4925.3,143.7
Qaztalov,5293071.0,287.0,287.0,1085627.0,West-Kazakhstan,2018,13.98,14148.0,1243.4,16986.0,116.5
Qaztalov,9045694.0,263532.0,263532.0,627442.0,West-Kazakhstan,2019,13.72,16290.1,742.9,4302.7,102.6
Qaztalov,10525320.0,481900.0,481900.0,1108271.0,West-Kazakhstan,2020,13.744,15593.7,714.2,6177.3,75.0
Qaztalov,9990880.0,30825.0,30825.0,851067.0,West-Kazakhstan,2021,13.664,21650.7,1119.4,6620.8,123.9
Qaztalov,11004825.0,0.0,0.0,459735.0,West-Kazakhstan,2022,12.889,24628.5,374.5,9284.5,93.1
Qaztalov,19440448.0,1189263.0,1189263.0,1317827.0,West-Kazakhstan,2023,13.023,22984.312899227658,288.8,5152.6,105.6
Qaztalov,16915094.0,607003.0,607003.0,2727837.0,West-Kazakhstan,2024,,,,,
Shyngyrlau,1866318.0,4783.0,,,West-Kazakhstan,2014,8.531,4920.8,748.2,3041.4,90.8
Shyngyrlau,884798.0,0.0,0.0,862177.0,West-Kazakhstan,2015,8.202,5571.2,999.9,3926.4,75.1
Shyngyrlau,1330418.0,0.0,0.0,157439.0,West-Kazakhstan,2016,8.496,6762.4,1159.2,4919.6,109.5
Shyngyrlau,1582513.0,1620.0,0.0,187069.0,West-Kazakhstan,2017,8.365,7480.8,835.2,5382.6,143.7
Shyngyrlau,2615965.0,10500.0,0.0,187529.0,West-Kazakhstan,2018,8.087,7718.6,410.0,2831.8,116.5
Shyngyrlau,2409653.0,15126.0,13976.0,185949.0,West-Kazakhstan,2019,8.117,9084.0,422.3,3439.9,102.6
Shyngyrlau,3641658.0,219216.0,219216.0,574176.0,West-Kazakhstan,2020,8.008,11395.0,679.2,413.3,75.0
Shyngyrlau,2630956.0,400951.0,400951.0,320976.0,West-Kazakhstan,2021,8.034,18581.6,691.8,1236.4,123.9
Shyngyrlau,2615656.0,0.0,0.0,335820.0,West-Kazakhstan,2022,6.79,16737.9,335.2,1421.0,93.1
Shyngyrlau,6357486.0,0.0,0.0,378087.0,West-Kazakhstan,2023,6.767,17747.62446372083,1190.6,2007.3,105.6
Shyngyrlau,5403357.0,0.0,0.0,1143580.0,West-Kazakhstan,2024,,,,,
Syrym,1059336.0,178.0,,,West-Kazakhstan,2014,10.849,6005.2,223.1,2457.2,90.8
Syrym,1124781.0,0.0,0.0,1084913.0,West-Kazakhstan,2015,10.539,6962.4,223.4,3158.2,75.1
Syrym,1543398.0,0.0,0.0,227193.0,West-Kazakhstan,2016,10.798,8704.2,254.8,4039.8,109.5
Syrym,1911530.0,1497.0,1497.0,196501.0,West-Kazakhstan,2017,10.776,9387.0,323.1,6138.1,143.7
Syrym,2162288.0,0.0,0.0,525506.0,West-Kazakhstan,2018,10.365,8990.8,748.4,4157.9,116.5
Syrym,3529502.0,499996.0,499996.0,1254503.0,West-Kazakhstan,2019,9.998,10607.4,657.9,2610.2,102.6
Syrym,8072777.0,163.0,163.0,411566.0,West-Kazakhstan,2020,9.638,12825.6,628.6,575.1,75.0
Syrym,4498691.0,0.0,0.0,859901.0,West-Kazakhstan,2021,9.75,15881.7,758.9,419.2,123.9
Syrym,5801575.0,0.0,0.0,629405.0,West-Kazakhstan,2022,9.092,18704.1,525.5,1140.9,93.1
Syrym,5132054.0,0.0,0.0,594460.0,West-Kazakhstan,2023,8.776,18464.93521360156,344.1,2204.7,105.6
Syrym,11491353.0,0.0,0.0,6153640.0,West-Kazakhstan,2024,,,,,
Tasqala,1631323.0,7532.0,,,West-Kazakhstan,2014,9.251,5408.8,548.0,2391.7,90.8
Tasqala,1308461.0,0.0,0.0,1094493.0,West-Kazakhstan,2015,8.811,5646.5,560.2,2678.8,75.1
Tasqala,2740579.0,1270.0,1270.0,921375.0,West-Kazakhstan,2016,9.472,7156.6,430.8,3163.0,109.5
Tasqala,8452874.0,0.0,0.0,1064639.0,West-Kazakhstan,2017,9.277,7711.8,960.4,3818.8,143.7
Tasqala,11456530.0,0.0,0.0,574308.0,West-Kazakhstan,2018,9.278,7304.8,637.1,1716.2,116.5
Tasqala,4064293.0,31310.0,31310.0,727737.0,West-Kazakhstan,2019,8.921,9493.3,714.5,600.4,102.6
Tasqala,6364649.0,223479.0,223479.0,1291570.0,West-Kazakhstan,2020,9.055,10838.5,593.8,312.1,75.0
Tasqala,3304854.0,0.0,2545.0,167346.0,West-Kazakhstan,2021,9.081,11889.4,850.3,396.8,123.9
Tasqala,3526463.0,8960.0,8960.0,203715.0,West-Kazakhstan,2022,8.602,16970.1,573.3,716.0,93.1
Tasqala,6047891.0,0.0,0.0,1610503.0,West-Kazakhstan,2023,8.677,16377.800482575341,225.3,775.6,105.6
Tasqala,4855461.0,355061.0,355061.0,1363162.0,West-Kazakhstan,2024,,,,,
Terekti,8084102.0,302456.0,,,West-Kazakhstan,2014,20.809,10405.7,2979.2,3021.8,90.8
Terekti,4633998.0,469104.0,6306.0,4619402.0,West-Kazakhstan,2015,18.958,9674.9,2984.6,2915.8,75.1
Terekti,3260911.0,3367.0,3367.0,2263657.0,West-Kazakhstan,2016,19.967,13502.9,2610.2,3328.3,109.5
Terekti,4767884.0,0.0,0.0,1907344.0,West-Kazakhstan,2017,19.644,14681.6,1556.9,1712.8,143.7
Terekti,6723893.0,788.0,788.0,3188278.0,West-Kazakhstan,2018,19.538,14356.7,5077.1,1829.5,116.5
Terekti,6992430.0,2536718.0,2536718.0,1816444.0,West-Kazakhstan,2019,19.357,17829.6,3092.6,2347.1,102.6
Terekti,10358330.0,545191.0,545191.0,2994071.0,West-Kazakhstan,2020,19.389,21290.7,4772.9,1297.0,75.0
Terekti,9120979.0,2566.0,0.0,1590573.0,West-Kazakhstan,2021,19.758,24110.8,5814.6,743.1,123.9
Terekti,11400424.0,169411.0,169411.0,1446165.0,West-Kazakhstan,2022,20.079,31898.5,7343.4,2718.3,93.1
Terekti,16779490.0,3439159.0,3439159.0,2144303.0,West-Kazakhstan,2023,19.986,28171.451391931034,7379.3,6513.0,105.6
Terekti,45334267.0,0.0,0.0,9060580.0,West-Kazakhstan,2024,,,,,
Zhangala,2869120.0,583.0,,,West-Kazakhstan,2014,12.829,6276.3,199.2,2866.3,90.8
Zhangala,4076906.0,7656.0,7656.0,4076906.0,West-Kazakhstan,2015,12.055,6949.0,191.2,3218.2,75.1
Zhangala,1633051.0,70994.0,70994.0,351419.0,West-Kazakhstan,2016,12.382,8148.7,69.5,3779.8,109.5
Zhangala,3740761.0,5945.0,5945.0,390239.0,West-Kazakhstan,2017,12.594,8209.4,189.1,5627.9,143.7
Zhangala,5564838.0,0.0,0.0,539764.0,West-Kazakhstan,2018,11.941,8170.9,663.3,7474.3,116.5
Zhangala,2236792.0,301952.0,301952.0,883640.0,West-Kazakhstan,2019,12.293,9913.0,567.3,3282.4,102.6
Zhangala,3788146.0,154252.0,154252.0,767095.0,West-Kazakhstan,2020,12.043,11038.0,626.9,2053.4,75.0
Zhangala,5250688.0,0.0,0.0,645173.0,West-Kazakhstan,2021,12.047,13073.9,759.6,2262.3,123.9
Zhangala,4922967.0,0.0,0.0,956379.0,West-Kazakhstan,2022,10.253,14749.1,281.6,1306.0,93.1
Zhangala,7303817.0,0.0,0.0,2271513.0,West-Kazakhstan,2023,10.502,13949.846601512014,110.6,2496.2,105.6
Zhangala,11648589.0,0.0,0.0,1938636.0,West-Kazakhstan,2024,,,,,
Zhanibek,248291.0,299357.0,,,West-Kazakhstan,2014,9.812,4213.7,432.5,2334.1,90.8
Zhanibek,1097540.0,223703.0,223703.0,1097540.0,West-Kazakhstan,2015,8.831,4829.5,371.7,2663.4,75.1
Zhanibek,1327917.0,0.0,0.0,176396.0,West-Kazakhstan,2016,9.038,6321.0,362.0,3339.4,109.5
Zhanibek,2905976.0,0.0,0.0,163694.0,West-Kazakhstan,2017,8.971,5964.1,553.9,538.0,143.7
Zhanibek,2294704.0,380778.0,380778.0,167874.0,West-Kazakhstan,2018,8.993,6323.4,475.3,3463.9,116.5
Zhanibek,1398842.0,375722.0,375722.0,384491.0,West-Kazakhstan,2019,8.643,7358.7,414.5,1133.6,102.6
Zhanibek,3764194.0,164019.0,160129.0,258423.0,West-Kazakhstan,2020,8.621,7800.9,409.7,1365.5,75.0
Zhanibek,4500455.0,263969.0,263969.0,271753.0,West-Kazakhstan,2021,8.814,9499.2,450.7,903.4,123.9
Zhanibek,8679409.0,9205.0,9205.0,171266.0,West-Kazakhstan,2022,7.782,10978.6,63.2,1331.4,93.1
Zhanibek,8812195.0,0.0,0.0,1679626.0,West-Kazakhstan,2023,7.684,13216.492472336573,136.8,2785.2,105.6
Zhanibek,10747884.0,0.0,0.0,1408371.0,West-Kazakhstan,2024,,,,,
Baizaq,,,,,Zhambyl,2014,54.2,28111.4,2382.7,1655.7,106.9
Baizaq,10963490.0,379001.0,,,Zhambyl,2015,47.7,26117.6,2356.5,2417.9,105.6
Baizaq,8494653.0,141478.0,141478.0,4187992.0,Zhambyl,2016,46.5,29208.9,948.3,4207.2,110.4
Baizaq,9347858.0,85622.0,85622.0,1469777.0,Zhambyl,2017,51.6,30218.8,2805.9,4531.9,100.0
Baizaq,14034365.0,63505.0,27082.0,3452544.0,Zhambyl,2018,51.9,31264.1,3906.5,10915.8,103.4
Baizaq,14935469.0,18678.0,18678.0,18678.0,Zhambyl,2019,47.2,39966.9,4871.5,12123.0,102.0
Baizaq,19373784.0,669364.0,669364.0,669364.0,Zhambyl,2020,49.0,46251.2,6408.8,13347.7,109.5
Baizaq,21444052.0,1056183.0,1056183.0,4636078.0,Zhambyl,2021,48.4,54348.6,6815.4,15834.3,111.1
Baizaq,29764528.0,739122.0,735582.0,5076715.0,Zhambyl,2022,45.0,64789.882102218195,6581.9,21367.5,117.9
Baizaq,29454913.0,0.0,0.0,6031764.0,Zhambyl,2023,48.0,64159.688028347526,8373.3,22001.1,97.0
Baizaq,22977578.0,450528.0,450528.0,7407000.0,Zhambyl,2024,50.0,69879.01,9422.31,24138.31,114.4
Merke,,,,,Zhambyl,2014,47.2,15998.1,13029.7,6372.1,106.9
Merke,5547606.0,343258.0,,,Zhambyl,2015,44.1,17618.8,15843.1,5634.8,105.6
Merke,6697835.0,1251260.0,1251261.0,1670763.0,Zhambyl,2016,43.4,21234.4,33279.6,5228.2,110.4
Merke,8324262.0,485591.0,471247.0,4614251.0,Zhambyl,2017,43.6,23990.7,17347.7,5598.0,100.0
Merke,9088491.0,231693.0,231693.0,3936879.0,Zhambyl,2018,43.1,24893.3,14511.1,7797.4,103.4
Merke,8094349.0,2241894.0,2241894.0,2241894.0,Zhambyl,2019,41.2,29122.1,5865.3,7933.2,102.0
Merke,12067650.0,4893280.0,4893280.0,4893280.0,Zhambyl,2020,39.9,37382.2,6461.3,10938.9,109.5
Merke,8852273.0,3895876.0,3888747.0,5711300.0,Zhambyl,2021,39.4,45878.0,6894.8,11916.3,111.1
Merke,13913153.0,2473075.0,2473075.0,7940411.0,Zhambyl,2022,40.0,53719.24913561953,18871.2,16840.0,117.9
Merke,18521213.0,11509451.0,11509451.0,7618710.0,Zhambyl,2023,41.3,44740.89192597325,20140.1,17162.6,97.0
Merke,19147524.0,15148652.0,15148652.0,6164102.0,Zhambyl,2024,42.3,41052.61,17782.11,19338.11,114.4
Moyynqum,,,,,Zhambyl,2014,17.5,4385.8,28326.4,597.4,106.9
Moyynqum,2457746.0,273630.0,,,Zhambyl,2015,16.9,4174.9,31002.1,1005.6,105.6
Moyynqum,7455497.0,1268226.0,424726.0,543293.0,Zhambyl,2016,16.8,4136.9,33757.3,1389.0,110.4
Moyynqum,7929012.0,2616221.0,469353.0,2134537.0,Zhambyl,2017,16.6,4398.4,45101.7,876.4,100.0
Moyynqum,10203289.0,2410556.0,583606.0,4286650.0,Zhambyl,2018,16.9,4524.8,66277.0,2375.0,103.4
Moyynqum,10078574.0,12271045.0,12271045.0,12271045.0,Zhambyl,2019,18.6,5432.7,71721.6,1465.0,102.0
Moyynqum,12299959.0,17796672.0,17796672.0,17796672.0,Zhambyl,2020,18.1,6671.8,84169.0,2172.2,109.5
Moyynqum,9157297.0,23961999.0,21831198.0,1520721.0,Zhambyl,2021,18.1,6640.9,88416.9,2456.7,111.1
Moyynqum,11228120.0,13491376.0,11696909.0,6223482.0,Zhambyl,2022,15.3,8389.357459028914,98746.9,3166.4,117.9
Moyynqum,13604386.0,9497963.0,5506784.0,3282194.0,Zhambyl,2023,15.1,6330.25355924444,89107.8,2884.0,97.0
Moyynqum,12550507.0,12088544.0,11144457.0,3426227.0,Zhambyl,2024,14.7,5789.71,117041.21,4420.41,114.4
Qorday,,,,,Zhambyl,2014,55.5,36435.2,7717.1,9028.0,106.9
Qorday,24551088.0,2360791.0,,,Zhambyl,2015,59.1,37687.6,9414.8,16579.1,105.6
Qorday,15241685.0,1806382.0,1576943.0,5216170.0,Zhambyl,2016,57.9,44647.6,13078.9,21180.9,110.4
Qorday,18516212.0,718589.0,677009.0,5638381.0,Zhambyl,2017,58.8,44932.6,16374.1,23209.7,100.0
Qorday,20356644.0,1106308.0,1078212.0,8429791.0,Zhambyl,2018,59.7,47176.3,14829.5,23220.8,103.4
Qorday,13169944.0,5496560.0,5496560.0,5496560.0,Zhambyl,2019,63.5,56713.8,15559.1,36360.9,102.0
Qorday,33999181.0,6599873.0,6599873.0,6599873.0,Zhambyl,2020,62.8,68465.7,18319.6,26395.8,109.5
Qorday,40409734.0,4874396.0,2132024.0,17903315.0,Zhambyl,2021,61.2,83562.5,25781.2,28699.4,111.1
Qorday,49797395.0,12233868.0,12233868.0,11843218.0,Zhambyl,2022,70.6,95269.10396819524,21396.3,34334.6,117.9
Qorday,32268218.0,30368851.0,28468851.0,17207092.0,Zhambyl,2023,75.7,80382.2886811071,19161.0,42947.4,97.0
Qorday,31623665.0,29291316.0,29291316.0,15195664.0,Zhambyl,2024,80.1,83587.71,21658.11,41936.11,114.4
Rysqulov,,,,,Zhambyl,2014,21.7,18959.9,4230.2,3268.3,106.9
Rysqulov,9920973.0,24738522.0,,,Zhambyl,2015,30.9,21029.3,6456.7,3071.6,105.6
Rysqulov,18317338.0,10930446.0,10930446.0,17454552.0,Zhambyl,2016,29.4,23047.0,7898.2,3757.0,110.4
Rysqulov,5696488.0,0.0,0.0,3335217.0,Zhambyl,2017,28.0,25351.5,8106.8,3889.6,100.0
Rysqulov,6377190.0,754092.0,754092.0,2418396.0,Zhambyl,2018,27.4,27224.4,7531.7,3254.3,103.4
Rysqulov,11310140.0,4128.0,4128.0,4128.0,Zhambyl,2019,24.9,32366.5,11518.9,2898.8,102.0
Rysqulov,16297345.0,685323.0,685323.0,685323.0,Zhambyl,2020,25.5,41110.4,17521.7,3828.0,109.5
Rysqulov,18340178.0,522273.0,522273.0,10335481.0,Zhambyl,2021,24.7,45016.0,14734.0,4697.9,111.1
Rysqulov,20344488.0,20466.0,20466.0,12735382.0,Zhambyl,2022,26.0,58745.04203655618,17547.6,6238.1,117.9
Rysqulov,6187222.0,112992.0,0.0,3313400.0,Zhambyl,2023,26.4,49119.19480086456,12274.3,6548.5,97.0
Rysqulov,8954349.0,99958.0,99958.0,2888118.0,Zhambyl,2024,26.4,53261.81,15323.51,7359.61,114.4
Sarysu,,,,,Zhambyl,2014,15.1,8374.3,1295.8,2431.6,106.9
Sarysu,4208149.0,12405217.0,,,Zhambyl,2015,20.7,9264.0,3514.0,3998.7,105.6
Sarysu,2362188.0,19239479.0,13523098.0,676447.0,Zhambyl,2016,19.5,9878.6,15621.4,2441.1,110.4
Sarysu,12434982.0,12273275.0,9244300.0,4735460.0,Zhambyl,2017,19.2,10165.2,19115.2,2753.3,100.0
Sarysu,17499584.0,9026515.0,4935586.0,12060258.0,Zhambyl,2018,18.4,11177.0,20564.7,1924.8,103.4
Sarysu,6304227.0,31252461.0,31252461.0,31252461.0,Zhambyl,2019,16.8,12998.0,23317.6,2023.4,102.0
Sarysu,10594197.0,13258496.0,13258496.0,13258496.0,Zhambyl,2020,15.1,16594.2,25782.3,2804.0,109.5
Sarysu,14174744.0,35218909.0,32055594.0,6958049.0,Zhambyl,2021,14.9,23647.3,41913.0,3032.0,111.1
Sarysu,20282209.0,10402362.0,8299962.0,10552666.0,Zhambyl,2022,15.4,26335.540076264275,76456.8,4127.9,117.9
Sarysu,14843291.0,62671561.0,57924351.0,2057250.0,Zhambyl,2023,17.6,19073.687135989607,103434.9,4522.0,97.0
Sarysu,12250346.0,29625107.0,22143669.0,3524405.0,Zhambyl,2024,18.1,18319.61,88680.11,4410.81,114.4
Shu,,,,,Zhambyl,2014,46.0,28923.5,18714.1,12251.1,106.9
Shu,16164053.0,10380799.0,,,Zhambyl,2015,48.8,39403.3,12721.6,13261.8,105.6
Shu,21392627.0,11110023.0,11094458.0,15539742.0,Zhambyl,2016,47.1,39675.8,6727.9,16633.8,110.4
Shu,31061067.0,8992867.0,8986851.0,27460794.0,Zhambyl,2017,48.1,43615.6,5184.8,18139.5,100.0
Shu,23213717.0,12883790.0,12875979.0,17307165.0,Zhambyl,2018,48.3,47810.2,8009.3,19180.8,103.4
Shu,16467076.0,37215825.0,37215825.0,37215825.0,Zhambyl,2019,42.1,57328.0,13517.5,10163.5,102.0
Shu,19252295.0,11507122.0,11507122.0,11507122.0,Zhambyl,2020,44.8,65298.9,14585.8,13686.2,109.5
Shu,24490579.0,10617971.0,10612504.0,14668368.0,Zhambyl,2021,45.6,85389.8,23281.4,16829.5,111.1
Shu,43288233.0,3346442.0,3346442.0,27141236.0,Zhambyl,2022,47.0,110924.65768499748,21239.8,19966.7,117.9
Shu,71106791.0,3730334.0,3730334.0,37636279.0,Zhambyl,2023,46.1,111389.08053186668,28460.8,24714.0,97.0
Shu,61184446.0,4950279.0,4107190.0,33570634.0,Zhambyl,2024,47.9,70272.01,36978.91,26514.31,114.4
Talas,,,,,Zhambyl,2014,21.6,9757.0,6546.7,1826.2,106.9
Talas,8710828.0,241093.0,,,Zhambyl,2015,26.7,10246.9,7079.5,1996.1,105.6
Talas,9419144.0,255186.0,0.0,4239429.0,Zhambyl,2016,25.9,10281.2,10454.8,1817.1,110.4
Talas,11691216.0,527590.0,120515.0,2185937.0,Zhambyl,2017,23.1,10555.2,14286.8,1844.1,100.0
Talas,14174978.0,432214.0,0.0,8074833.0,Zhambyl,2018,23.9,10989.0,17069.3,2096.2,103.4
Talas,14340851.0,2228983.0,2228983.0,2228983.0,Zhambyl,2019,22.5,12896.6,22594.9,2193.5,102.0
Talas,18028480.0,806598.0,806598.0,806598.0,Zhambyl,2020,23.6,15858.6,22376.6,2438.3,109.5
Talas,18856214.0,142705.0,6246.0,11975277.0,Zhambyl,2021,24.0,18027.8,25704.2,2753.8,111.1
Talas,11069980.0,0.0,0.0,3523961.0,Zhambyl,2022,20.8,21601.34125263896,45810.2,4475.5,117.9
Talas,12394678.0,0.0,0.0,5709956.0,Zhambyl,2023,20.8,18288.681387121775,47910.1,5161.2,97.0
Talas,21864981.0,161153.0,161153.0,15094694.0,Zhambyl,2024,20.0,18743.21,38696.01,5042.31,114.4
Taraz city,,,,,Zhambyl,2014,202.6127,8951.8,184693.1,140338.6,106.9
Taraz city,44649956.0,4847136.0,,,Zhambyl,2015,158.1,7508.2,185766.6,138177.1,105.6
Taraz city,46126313.0,11893575.0,11893575.0,27342539.0,Zhambyl,2016,155.0,8506.1,207938.9,182751.0,110.4
Taraz city,60419767.0,3684264.0,3684264.0,33950752.0,Zhambyl,2017,154.8,7954.3,230430.7,205427.9,100.0
Taraz city,58829081.0,10427138.0,10427138.0,33748538.0,Zhambyl,2018,154.3,7901.8,240144.4,221984.0,103.4
Taraz city,70829257.0,5693867.0,5693867.0,5693867.0,Zhambyl,2019,164.9,10457.5,280803.0,238454.9,102.0
Taraz city,95412561.0,13915438.0,13915438.0,13915438.0,Zhambyl,2020,160.7,11686.0,288837.9,246758.1,109.5
Taraz city,107061427.0,22299798.0,18824798.0,60643498.0,Zhambyl,2021,163.4,13184.50610901544,372781.7,272086.4,111.1
Taraz city,145430044.0,1958595.0,1958595.0,94298467.0,Zhambyl,2022,195.2,15184.949065036166,522467.7,306654.9,117.9
Taraz city,179330934.0,1403691.0,1403691.0,144310312.0,Zhambyl,2023,192.9,13346.791889823839,463208.1,332073.5,97.0
Taraz city,171036080.0,2658127.0,2658127.0,118262442.0,Zhambyl,2024,186.5,13653.61,491668.81,389815.51,114.4
Zhambyl,,,,,Zhambyl,2014,30.9,24761.1,10132.5,2187.7,106.9
Zhambyl,9126537.0,14929916.0,,,Zhambyl,2015,36.9,24534.9,5725.2,2702.3,105.6
Zhambyl,7198436.0,10986934.0,10986934.0,3029554.0,Zhambyl,2016,36.9,25116.2,6379.4,2884.6,110.4
Zhambyl,12754828.0,10946204.0,10946204.0,7238123.0,Zhambyl,2017,37.4,26945.6,8708.6,3131.5,100.0
Zhambyl,24475621.0,302269.0,300116.0,18964186.0,Zhambyl,2018,37.9,29799.6,19941.0,7430.6,103.4
Zhambyl,25741333.0,702550.0,702550.0,702550.0,Zhambyl,2019,40.4,38192.7,16303.1,6706.6,102.0
Zhambyl,26098018.0,2857311.0,2857311.0,2857311.0,Zhambyl,2020,38.7,46930.7,21961.7,6817.2,109.5
Zhambyl,22782272.0,13697555.0,13247555.0,7659167.0,Zhambyl,2021,38.0,59737.8,18972.3,8797.7,111.1
Zhambyl,13349666.0,10546868.0,10546868.0,6583061.0,Zhambyl,2022,38.5,70502.37316983675,28743.6,13459.8,117.9
Zhambyl,25001523.0,1972250.0,1972250.0,11302885.0,Zhambyl,2023,35.3,65351.92822519361,37932.4,17776.7,97.0
Zhambyl,33472082.0,3519703.0,3519703.0,27175884.0,Zhambyl,2024,34.4,67744.51,50227.81,19950.31,114.4
Zhualy,,,,,Zhambyl,2014,17.8,20129.3,2276.2,2810.0,106.9
Zhualy,19028537.0,353024.0,,,Zhambyl,2015,22.7,21141.0,4070.1,1026.1,105.6
Zhualy,3679428.0,115715.0,115715.0,511294.0,Zhambyl,2016,22.7,21333.3,5253.4,1315.3,110.4
Zhualy,12527123.0,3500731.0,3500731.0,9744593.0,Zhambyl,2017,24.2,23189.0,6566.8,2498.1,100.0
Zhualy,13454714.0,5658272.0,5658272.0,12218652.0,Zhambyl,2018,24.9,25463.4,8361.9,2463.3,103.4
Zhualy,5392316.0,297.0,297.0,297.0,Zhambyl,2019,24.8,30273.2,10898.8,3330.5,102.0
Zhualy,7708860.0,16271.0,16271.0,16271.0,Zhambyl,2020,25.7,35121.1,11818.7,2889.5,109.5
Zhualy,7978661.0,88255.0,88255.0,2732845.0,Zhambyl,2021,24.9,42701.5,13816.0,3577.6,111.1
Zhualy,8641522.0,753967.0,753967.0,2601442.0,Zhambyl,2022,25.8,53566.132483967005,14770.8,4188.5,117.9
Zhualy,10489137.0,253820.0,253820.0,6759616.0,Zhambyl,2023,24.6,49294.53075070803,17301.3,2738.3,97.0
Zhualy,13727461.0,16809.0,16809.0,6083575.0,Zhambyl,2024,24.5,46260.71,16722.01,4834.61,114.4
